Ano,Código da Área,Área de Avaliação,Nome da IES,Organização Acadêmica,Categoria Administrativa,Modalidade de Ensino,Município do Curso,Sigla da UF,Concluintes Inscritos,Concluintes Participantes,Conceito Enade (Contínuo),Conceito Enade (Faixa)
2017,701,MATEMÁTICA (BACHARELADO),UNIVERSIDADE DE BRASÍLIA,Universidade,Pública Federal,Educação Presencial,Brasília,DF,23,15,2.620937097777,3.0
2017,701,MATEMÁTICA (BACHARELADO),UNIVERSIDADE FEDERAL DE SERGIPE,Universidade,Pública Federal,Educação Presencial,São Cristóvão,SE,8,6,2.081480355393,3.0
2017,701,MATEMÁTICA (BACHARELADO),UNIVERSIDADE FEDERAL DE SERGIPE,Universidade,Pública Federal,Educação Presencial,São Cristóvão,SE,5,5,2.014541182002,3.0
2017,701,MATEMÁTICA (BACHARELADO),UNIVERSIDADE FEDERAL DO AMAZONAS,Universidade,Pública Federal,Educação Presencial,Manaus,AM,7,6,1.666768803879,2.0
2017,701,MATEMÁTICA (BACHARELADO),UNIVERSIDADE FEDERAL DO AMAZONAS,Universidade,Pública Federal,Educação Presencial,Manaus,AM,7,7,1.401311537305,2.0
2017,701,MATEMÁTICA (BACHARELADO),UNIVERSIDADE FEDERAL DO PIAUÍ,Universidade,Pública Federal,Educação Presencial,Teresina,PI,10,8,1.163783164881,2.0
2017,701,MATEMÁTICA (BACHARELADO),UNIVERSIDADE FEDERAL DE OURO PRETO,Universidade,Pública Federal,Educação Presencial,Ouro Preto,MG,2,2,4.221888891241,5.0
2017,701,MATEMÁTICA (BACHARELADO),UNIVERSIDADE FEDERAL DE SÃO CARLOS,Universidade,Pública Federal,Educação Presencial,São Carlos,SP,14,8,2.110573704951,3.0
2017,701,MATEMÁTICA (BACHARELADO),UNIVERSIDADE FEDERAL DE SÃO CARLOS,Universidade,Pública Federal,Educação Presencial,São Carlos,SP,5,1,0.0,0.0
2017,701,MATEMÁTICA (BACHARELADO),UNIVERSIDADE FEDERAL DE VIÇOSA,Universidade,Pública Federal,Educação Presencial,Viçosa,MG,11,11,2.123421239371,3.0
2017,701,MATEMÁTICA (BACHARELADO),UNIVERSIDADE ESTADUAL DE LONDRINA,Universidade,Pública Estadual,Educação Presencial,Londrina,PR,7,4,1.969120427294,3.0
2017,701,MATEMÁTICA (BACHARELADO),UNIVERSIDADE FEDERAL DO RIO GRANDE,Universidade,Pública Federal,Educação Presencial,Rio Grande,RS,7,7,1.078379837732,2.0
2017,701,MATEMÁTICA (BACHARELADO),UNIVERSIDADE FEDERAL DE UBERLÂNDIA,Universidade,Pública Federal,Educação Presencial,Ituiutaba,MG,4,4,0.391625407876,1.0
2017,701,MATEMÁTICA (BACHARELADO),UNIVERSIDADE FEDERAL DE UBERLÂNDIA,Universidade,Pública Federal,Educação Presencial,Uberlândia,MG,20,11,1.846701461016,2.0
2017,701,MATEMÁTICA (BACHARELADO),PONTIFÍCIA UNIVERSIDADE CATÓLICA DO RIO GRANDE DO SUL,Universidade,Privada sem fins lucrativos,Educação Presencial,Porto Alegre,RS,5,3,1.508357934474,2.0
2017,701,MATEMÁTICA (BACHARELADO),UNIVERSIDADE ESTADUAL DE SANTA CRUZ,Universidade,Pública Estadual,Educação Presencial,Ilhéus,BA,5,5,0.591326823665,1.0
2017,701,MATEMÁTICA (BACHARELADO),UNIVERSIDADE ESTADUAL DE CAMPINAS,Universidade,Pública Estadual,Educação Presencial,Campinas,SP,13,6,3.281248578204,4.0
2017,701,MATEMÁTICA (BACHARELADO),UNIVERSIDADE ESTADUAL PAULISTA JÚLIO DE MESQUITA FILHO,Universidade,Pública Estadual,Educação Presencial,Rio Claro,SP,11,6,1.867568241121,2.0
2017,701,MATEMÁTICA (BACHARELADO),UNIVERSIDADE ESTADUAL PAULISTA JÚLIO DE MESQUITA FILHO,Universidade,Pública Estadual,Educação Presencial,São José do Rio Preto,SP,12,12,3.13252321811,4.0
2017,701,MATEMÁTICA (BACHARELADO),UNIVERSIDADE ESTADUAL DE MARINGÁ,Universidade,Pública Estadual,Educação Presencial,Maringá,PR,7,7,1.953972575124,3.0
2017,701,MATEMÁTICA (BACHARELADO),CENTRO UNIVERSITÁRIO DAS FACULDADES METROPOLITANAS UNIDAS,Centro Universitário,Privada sem fins lucrativos,Educação Presencial,São Paulo,SP,18,16,1.072146543384,2.0
2017,701,MATEMÁTICA (BACHARELADO),UNIVERSIDADE DO SUL DE SANTA CATARINA,Universidade,Privada sem fins lucrativos,Educação a Distância,Tubarão,SC,6,6,1.625023120151,2.0
2017,701,MATEMÁTICA (BACHARELADO),PONTIFÍCIA UNIVERSIDADE CATÓLICA DO RIO DE JANEIRO,Universidade,Privada sem fins lucrativos,Educação Presencial,Rio de Janeiro,RJ,10,7,3.309688170847,4.0
2017,701,MATEMÁTICA (BACHARELADO),UNIVERSIDADE DO ESTADO DO RIO DE JANEIRO,Universidade,Pública Estadual,Educação Presencial,Rio de Janeiro,RJ,55,10,1.231189807523,2.0
2017,701,MATEMÁTICA (BACHARELADO),UNIVERSIDADE FEDERAL DO MARANHÃO,Universidade,Pública Federal,Educação Presencial,São Luís,MA,2,2,1.728669641459,2.0
2017,701,MATEMÁTICA (BACHARELADO),UNIVERSIDADE FEDERAL DO RIO GRANDE DO NORTE,Universidade,Pública Federal,Educação Presencial,Natal,RN,6,4,1.630367914022,2.0
2017,701,MATEMÁTICA (BACHARELADO),UNIVERSIDADE FEDERAL DO PARANÁ,Universidade,Pública Federal,Educação Presencial,Curitiba,PR,13,7,1.184484516543,2.0
2017,701,MATEMÁTICA (BACHARELADO),UNIVERSIDADE FEDERAL DO PARANÁ,Universidade,Pública Federal,Educação Presencial,Curitiba,PR,1,1,0.0,0.0
2017,701,MATEMÁTICA (BACHARELADO),UNIVERSIDADE FEDERAL FLUMINENSE,Universidade,Pública Federal,Educação Presencial,Niterói,RJ,11,11,2.801658710009,3.0
2017,701,MATEMÁTICA (BACHARELADO),UNIVERSIDADE FEDERAL FLUMINENSE,Universidade,Pública Federal,Educação Presencial,Volta Redonda,RJ,8,8,1.647042887462,2.0
2017,701,MATEMÁTICA (BACHARELADO),UNIVERSIDADE FEDERAL FLUMINENSE,Universidade,Pública Federal,Educação Presencial,Santo Antônio de Pádua,RJ,7,7,0.83669656581,1.0
2017,701,MATEMÁTICA (BACHARELADO),UNIVERSIDADE FEDERAL DO ESPÍRITO SANTO,Universidade,Pública Federal,Educação Presencial,São Mateus,ES,2,2,2.583059837736,3.0
2017,701,MATEMÁTICA (BACHARELADO),UNIVERSIDADE FEDERAL DO ESPÍRITO SANTO,Universidade,Pública Federal,Educação Presencial,Vitória,ES,8,8,4.03249124568,5.0
2017,701,MATEMÁTICA (BACHARELADO),UNIVERSIDADE FEDERAL DO ESPÍRITO SANTO,Universidade,Pública Federal,Educação Presencial,São Mateus,ES,4,4,1.159978176528,2.0
2017,701,MATEMÁTICA (BACHARELADO),UNIVERSIDADE FEDERAL RURAL DO RIO DE JANEIRO,Universidade,Pública Federal,Educação Presencial,Seropédica,RJ,4,4,2.762460542538,3.0
2017,701,MATEMÁTICA (BACHARELADO),UNIVERSIDADE FEDERAL RURAL DO RIO DE JANEIRO,Universidade,Pública Federal,Educação Presencial,Seropédica,RJ,5,5,1.845834417381,2.0
2017,701,MATEMÁTICA (BACHARELADO),UNIVERSIDADE FEDERAL RURAL DO RIO DE JANEIRO,Universidade,Pública Federal,Educação Presencial,Nova Iguaçu,RJ,44,9,0.930949193918,1.0
2017,701,MATEMÁTICA (BACHARELADO),UNIVERSIDADE FEDERAL DE MINAS GERAIS,Universidade,Pública Federal,Educação Presencial,Belo Horizonte,MG,11,10,2.641213980616,3.0
2017,701,MATEMÁTICA (BACHARELADO),UNIVERSIDADE FEDERAL DE MINAS GERAIS,Universidade,Pública Federal,Educação Presencial,Belo Horizonte,MG,16,16,3.847768292635,4.0
2017,701,MATEMÁTICA (BACHARELADO),UNIVERSIDADE FEDERAL DE JUIZ DE FORA,Universidade,Pública Federal,Educação Presencial,Juiz de Fora,MG,4,4,3.426989210411,4.0
2017,701,MATEMÁTICA (BACHARELADO),UNIVERSIDADE FEDERAL DE ALAGOAS,Universidade,Pública Federal,Educação Presencial,Maceió,AL,10,9,2.52554776651,3.0
2017,701,MATEMÁTICA (BACHARELADO),UNIVERSIDADE FEDERAL DA BAHIA,Universidade,Pública Federal,Educação Presencial,Salvador,BA,6,1,0.0,0.0
2017,701,MATEMÁTICA (BACHARELADO),UNIVERSIDADE FEDERAL DA PARAÍBA,Universidade,Pública Federal,Educação Presencial,João Pessoa,PB,6,5,2.235393218052,3.0
2017,701,MATEMÁTICA (BACHARELADO),UNIVERSIDADE FEDERAL DE PERNAMBUCO,Universidade,Pública Federal,Educação Presencial,Recife,PE,7,7,1.770516368072,2.0
2017,701,MATEMÁTICA (BACHARELADO),UNIVERSIDADE FEDERAL DO RIO GRANDE DO SUL,Universidade,Pública Federal,Educação Presencial,Porto Alegre,RS,14,12,2.538577224925,3.0
2017,701,MATEMÁTICA (BACHARELADO),UNIVERSIDADE FEDERAL DE SANTA MARIA,Universidade,Pública Federal,Educação Presencial,Santa Maria,RS,3,3,1.30763463588,2.0
2017,701,MATEMÁTICA (BACHARELADO),UNIVERSIDADE FEDERAL DO CEARÁ,Universidade,Pública Federal,Educação Presencial,Fortaleza,CE,18,16,2.84147174244,3.0
2017,701,MATEMÁTICA (BACHARELADO),UNIVERSIDADE FEDERAL DE GOIÁS,Universidade,Pública Federal,Educação Presencial,Goiânia,GO,22,19,1.539006721674,2.0
2017,701,MATEMÁTICA (BACHARELADO),UNIVERSIDADE FEDERAL DE SANTA CATARINA,Universidade,Pública Federal,Educação Presencial,Florianópolis,SC,6,4,2.762924512429,3.0
2017,701,MATEMÁTICA (BACHARELADO),UNIVERSIDADE FEDERAL DO RIO DE JANEIRO,Universidade,Pública Federal,Educação Presencial,Rio de Janeiro,RJ,12,12,3.10345357483,4.0
2017,701,MATEMÁTICA (BACHARELADO),UNIVERSIDADE FEDERAL DO RIO DE JANEIRO,Universidade,Pública Federal,Educação Presencial,Rio de Janeiro,RJ,3,2,4.696295232625,5.0
2017,701,MATEMÁTICA (BACHARELADO),UNIVERSIDADE FEDERAL DE SÃO PAULO,Universidade,Pública Federal,Educação Presencial,São José dos Campos,SP,4,3,2.057134906358,3.0
2017,701,MATEMÁTICA (BACHARELADO),UNIVERSIDADE FEDERAL DE ITAJUBÁ - UNIFEI,Universidade,Pública Federal,Educação Presencial,Itajubá,MG,4,4,3.122317157213,4.0
2017,701,MATEMÁTICA (BACHARELADO),UNIVERSIDADE FEDERAL DE RORAIMA,Universidade,Pública Federal,Educação Presencial,Boa Vista,RR,2,1,0.0,0.0
2017,701,MATEMÁTICA (BACHARELADO),UNIVERSIDADE FEDERAL DE CAMPINA GRANDE,Universidade,Pública Federal,Educação Presencial,Campina Grande,PB,4,4,3.902603266292,4.0
2017,701,MATEMÁTICA (BACHARELADO),UNIVERSIDADE FEDERAL DO RECÔNCAVO DA BAHIA,Universidade,Pública Federal,Educação Presencial,Cruz das Almas,BA,1,1,0.0,0.0
2017,701,MATEMÁTICA (BACHARELADO),FUNDAÇÃO UNIVERSIDADE FEDERAL DO ABC,Universidade,Pública Federal,Educação Presencial,Santo André,SP,13,11,2.511750569685,3.0
2017,701,MATEMÁTICA (BACHARELADO),ESCOLA DE MATEMÁTICA APLICADA,Faculdade,Privada sem fins lucrativos,Educação Presencial,Rio de Janeiro,RJ,5,4,4.052800678952,5.0
2017,702,MATEMÁTICA (LICENCIATURA),UNIVERSIDADE FEDERAL DE MATO GROSSO,Universidade,Pública Federal,Educação Presencial,Cuiabá,MT,21,17,1.736742476371,2.0
2017,702,MATEMÁTICA (LICENCIATURA),UNIVERSIDADE FEDERAL DE MATO GROSSO,Universidade,Pública Federal,Educação Presencial,Rondonópolis,MT,11,9,3.207846637398,4.0
2017,702,MATEMÁTICA (LICENCIATURA),UNIVERSIDADE FEDERAL DE MATO GROSSO,Universidade,Pública Federal,Educação Presencial,Pontal do Araguaia,MT,6,6,2.216430711831,3.0
2017,702,MATEMÁTICA (LICENCIATURA),UNIVERSIDADE FEDERAL DE MATO GROSSO,Universidade,Pública Federal,Educação Presencial,Sinop,MT,6,6,2.752569464493,3.0
2017,702,MATEMÁTICA (LICENCIATURA),UNIVERSIDADE DE BRASÍLIA,Universidade,Pública Federal,Educação Presencial,Brasília,DF,17,15,2.469826409124,3.0
2017,702,MATEMÁTICA (LICENCIATURA),UNIVERSIDADE DE BRASÍLIA,Universidade,Pública Federal,Educação Presencial,Brasília,DF,23,20,3.209828703643,4.0
2017,702,MATEMÁTICA (LICENCIATURA),UNIVERSIDADE FEDERAL DE SERGIPE,Universidade,Pública Federal,Educação Presencial,São Cristóvão,SE,55,46,2.071740172793,3.0
2017,702,MATEMÁTICA (LICENCIATURA),UNIVERSIDADE FEDERAL DE SERGIPE,Universidade,Pública Federal,Educação Presencial,Itabaiana,SE,31,29,1.609028133958,2.0
2017,702,MATEMÁTICA (LICENCIATURA),UNIVERSIDADE FEDERAL DE SERGIPE,Universidade,Pública Federal,Educação a Distância,São Cristóvão,SE,27,21,1.408886211912,2.0
2017,702,MATEMÁTICA (LICENCIATURA),UNIVERSIDADE FEDERAL DO AMAZONAS,Universidade,Pública Federal,Educação Presencial,Manaus,AM,35,27,2.086109975179,3.0
2017,702,MATEMÁTICA (LICENCIATURA),UNIVERSIDADE FEDERAL DO PIAUÍ,Universidade,Pública Federal,Educação Presencial,Parnaíba,PI,41,41,1.770592957499,2.0
2017,702,MATEMÁTICA (LICENCIATURA),UNIVERSIDADE FEDERAL DO PIAUÍ,Universidade,Pública Federal,Educação Presencial,Picos,PI,60,52,1.456967174095,2.0
2017,702,MATEMÁTICA (LICENCIATURA),UNIVERSIDADE FEDERAL DO PIAUÍ,Universidade,Pública Federal,Educação a Distância,Teresina,PI,55,14,0.571448718045,1.0
2017,702,MATEMÁTICA (LICENCIATURA),UNIVERSIDADE FEDERAL DO PIAUÍ,Universidade,Pública Federal,Educação Presencial,Teresina,PI,71,58,2.432548114468,3.0
2017,702,MATEMÁTICA (LICENCIATURA),UNIVERSIDADE FEDERAL DE OURO PRETO,Universidade,Pública Federal,Educação Presencial,Ouro Preto,MG,4,4,4.501945603138,5.0
2017,702,MATEMÁTICA (LICENCIATURA),UNIVERSIDADE FEDERAL DE OURO PRETO,Universidade,Pública Federal,Educação a Distância,Ouro Preto,MG,11,11,1.576342765087,2.0
2017,702,MATEMÁTICA (LICENCIATURA),UNIVERSIDADE FEDERAL DE SÃO CARLOS,Universidade,Pública Federal,Educação Presencial,São Carlos,SP,26,18,3.104907487568,4.0
2017,702,MATEMÁTICA (LICENCIATURA),UNIVERSIDADE FEDERAL DE SÃO CARLOS,Universidade,Pública Federal,Educação Presencial,São Carlos,SP,14,12,3.434138952631,4.0
2017,702,MATEMÁTICA (LICENCIATURA),UNIVERSIDADE FEDERAL DE SÃO CARLOS,Universidade,Pública Federal,Educação Presencial,Sorocaba,SP,17,17,3.736233964604,4.0
2017,702,MATEMÁTICA (LICENCIATURA),UNIVERSIDADE FEDERAL DE VIÇOSA,Universidade,Pública Federal,Educação Presencial,Viçosa,MG,32,32,3.413579860894,4.0
2017,702,MATEMÁTICA (LICENCIATURA),UNIVERSIDADE FEDERAL DE VIÇOSA,Universidade,Pública Federal,Educação Presencial,Florestal,MG,6,5,4.111954034563,5.0
2017,702,MATEMÁTICA (LICENCIATURA),UNIVERSIDADE ESTADUAL DE LONDRINA,Universidade,Pública Estadual,Educação Presencial,Londrina,PR,30,28,2.952325256599,4.0
2017,702,MATEMÁTICA (LICENCIATURA),PONTIFÍCIA UNIVERSIDADE CATÓLICA DO PARANÁ,Universidade,Privada sem fins lucrativos,Educação Presencial,Curitiba,PR,20,18,3.303804350531,4.0
2017,702,MATEMÁTICA (LICENCIATURA),UNIVERSIDADE CATÓLICA DE PERNAMBUCO,Universidade,Privada sem fins lucrativos,Educação Presencial,Recife,PE,2,2,1.438383897317,2.0
2017,702,MATEMÁTICA (LICENCIATURA),UNIVERSIDADE FEDERAL DO RIO GRANDE,Universidade,Pública Federal,Educação Presencial,Rio Grande,RS,18,15,2.906981130378,3.0
2017,702,MATEMÁTICA (LICENCIATURA),UNIVERSIDADE DE CAXIAS DO SUL,Universidade,Privada sem fins lucrativos,Educação Presencial,Caxias do Sul,RS,15,14,2.258773418894,3.0
2017,702,MATEMÁTICA (LICENCIATURA),UNIVERSIDADE DO VALE DO RIO DOS SINOS,Universidade,Privada sem fins lucrativos,Educação Presencial,São Leopoldo,RS,38,33,3.165270956576,4.0
2017,702,MATEMÁTICA (LICENCIATURA),UNIVERSIDADE FEDERAL DE UBERLÂNDIA,Universidade,Pública Federal,Educação Presencial,Uberlândia,MG,21,12,2.606967609274,3.0
2017,702,MATEMÁTICA (LICENCIATURA),UNIVERSIDADE FEDERAL DE UBERLÂNDIA,Universidade,Pública Federal,Educação Presencial,Ituiutaba,MG,8,8,2.391372011094,3.0
2017,702,MATEMÁTICA (LICENCIATURA),UNIVERSIDADE CATÓLICA DE PELOTAS,Universidade,Privada sem fins lucrativos,Educação Presencial,Pelotas,RS,1,0,0.0,0.0
2017,702,MATEMÁTICA (LICENCIATURA),PONTIFÍCIA UNIVERSIDADE CATÓLICA DE CAMPINAS,Universidade,Privada sem fins lucrativos,Educação Presencial,Campinas,SP,19,15,3.500320141458,4.0
2017,702,MATEMÁTICA (LICENCIATURA),UNIVERSIDADE DE PASSO FUNDO,Universidade,Privada sem fins lucrativos,Educação Presencial,Passo Fundo,RS,23,21,2.286113245467,3.0
2017,702,MATEMÁTICA (LICENCIATURA),UNIVERSIDADE DE PASSO FUNDO,Universidade,Privada sem fins lucrativos,Educação Presencial,Soledade,RS,3,1,0.0,0.0
2017,702,MATEMÁTICA (LICENCIATURA),PONTIFÍCIA UNIVERSIDADE CATÓLICA DO RIO GRANDE DO SUL,Universidade,Privada sem fins lucrativos,Educação Presencial,Porto Alegre,RS,15,12,3.50985657387,4.0
2017,702,MATEMÁTICA (LICENCIATURA),UNIVERSIDADE PRESBITERIANA MACKENZIE,Universidade,Privada sem fins lucrativos,Educação Presencial,São Paulo,SP,16,14,1.973844567458,3.0
2017,702,MATEMÁTICA (LICENCIATURA),UNIVERSIDADE ESTADUAL DE SANTA CRUZ,Universidade,Pública Estadual,Educação Presencial,Ilhéus,BA,16,13,2.03289083616,3.0
2017,702,MATEMÁTICA (LICENCIATURA),UNIVERSIDADE ESTADUAL DO CEARÁ,Universidade,Pública Estadual,Educação Presencial,Fortaleza,CE,87,68,1.470448083172,2.0
2017,702,MATEMÁTICA (LICENCIATURA),UNIVERSIDADE ESTADUAL DO CEARÁ,Universidade,Pública Estadual,Educação Presencial,Limoeiro do Norte,CE,15,13,2.518276228976,3.0
2017,702,MATEMÁTICA (LICENCIATURA),UNIVERSIDADE ESTADUAL DO CEARÁ,Universidade,Pública Estadual,Educação Presencial,Iguatu,CE,6,0,0.0,0.0
2017,702,MATEMÁTICA (LICENCIATURA),UNIVERSIDADE ESTADUAL DO CEARÁ,Universidade,Pública Estadual,Educação Presencial,Quixadá,CE,11,10,1.812487785537,2.0
2017,702,MATEMÁTICA (LICENCIATURA),UNIVERSIDADE ESTADUAL DO CEARÁ,Universidade,Pública Estadual,Educação a Distância,Fortaleza,CE,10,7,0.801190182635,1.0
2017,702,MATEMÁTICA (LICENCIATURA),UNIVERSIDADE DO ESTADO DA BAHIA,Universidade,Pública Estadual,Educação Presencial,Alagoinhas,BA,22,21,2.029779597865,3.0
2017,702,MATEMÁTICA (LICENCIATURA),UNIVERSIDADE DO ESTADO DA BAHIA,Universidade,Pública Estadual,Educação Presencial,Caetité,BA,50,45,1.951898171583,3.0
2017,702,MATEMÁTICA (LICENCIATURA),UNIVERSIDADE DO ESTADO DA BAHIA,Universidade,Pública Estadual,Educação Presencial,Senhor do Bonfim,BA,39,36,1.148536178135,2.0
2017,702,MATEMÁTICA (LICENCIATURA),UNIVERSIDADE DO ESTADO DA BAHIA,Universidade,Pública Estadual,Educação Presencial,Paulo Afonso,BA,37,33,1.706741146986,2.0
2017,702,MATEMÁTICA (LICENCIATURA),UNIVERSIDADE DO ESTADO DA BAHIA,Universidade,Pública Estadual,Educação Presencial,Teixeira de Freitas,BA,33,21,1.976585324342,3.0
2017,702,MATEMÁTICA (LICENCIATURA),UNIVERSIDADE DO ESTADO DA BAHIA,Universidade,Pública Estadual,Educação Presencial,Barreiras,BA,38,34,1.881938733657,2.0
2017,702,MATEMÁTICA (LICENCIATURA),FUNDAÇÃO UNIVERSIDADE DO ESTADO DE SANTA CATARINA,Universidade,Pública Estadual,Educação Presencial,Joinville,SC,19,19,3.39185039683,4.0
2017,702,MATEMÁTICA (LICENCIATURA),UNIVERSIDADE ESTADUAL DE GOIÁS,Universidade,Pública Estadual,Educação Presencial,Quirinópolis,GO,15,15,1.469794398807,2.0
2017,702,MATEMÁTICA (LICENCIATURA),UNIVERSIDADE ESTADUAL DE GOIÁS,Universidade,Pública Estadual,Educação Presencial,Morrinhos,GO,18,17,2.055370122554,3.0
2017,702,MATEMÁTICA (LICENCIATURA),UNIVERSIDADE ESTADUAL DE GOIÁS,Universidade,Pública Estadual,Educação Presencial,Anápolis,GO,16,16,2.861385540335,3.0
2017,702,MATEMÁTICA (LICENCIATURA),UNIVERSIDADE ESTADUAL DE GOIÁS,Universidade,Pública Estadual,Educação Presencial,Goiás,GO,32,32,1.983314306767,3.0
2017,702,MATEMÁTICA (LICENCIATURA),UNIVERSIDADE ESTADUAL DE GOIÁS,Universidade,Pública Estadual,Educação Presencial,Formosa,GO,23,16,1.455944563042,2.0
2017,702,MATEMÁTICA (LICENCIATURA),UNIVERSIDADE ESTADUAL DE GOIÁS,Universidade,Pública Estadual,Educação Presencial,Jussara,GO,22,22,0.705961217496,1.0
2017,702,MATEMÁTICA (LICENCIATURA),UNIVERSIDADE ESTADUAL DE GOIÁS,Universidade,Pública Estadual,Educação Presencial,Posse,GO,19,19,1.875080824337,2.0
2017,702,MATEMÁTICA (LICENCIATURA),UNIVERSIDADE ESTADUAL DE GOIÁS,Universidade,Pública Estadual,Educação Presencial,Santa Helena de Goiás,GO,12,12,1.708511161779,2.0
2017,702,MATEMÁTICA (LICENCIATURA),UNIVERSIDADE ESTADUAL DE GOIÁS,Universidade,Pública Estadual,Educação Presencial,Porangatu,GO,44,37,1.219897432403,2.0
2017,702,MATEMÁTICA (LICENCIATURA),UNIVERSIDADE ESTADUAL DE GOIÁS,Universidade,Pública Estadual,Educação Presencial,Iporá,GO,8,5,3.124129020722,4.0
2017,702,MATEMÁTICA (LICENCIATURA),UNIVERSIDADE ESTADUAL DE CAMPINAS,Universidade,Pública Estadual,Educação Presencial,Campinas,SP,31,25,3.826180439782,4.0
2017,702,MATEMÁTICA (LICENCIATURA),UNIVERSIDADE ESTADUAL DE CAMPINAS,Universidade,Pública Estadual,Educação Presencial,Campinas,SP,8,7,4.620895635482,5.0
2017,702,MATEMÁTICA (LICENCIATURA),UNIVERSIDADE ESTADUAL PAULISTA JÚLIO DE MESQUITA FILHO,Universidade,Pública Estadual,Educação Presencial,Rio Claro,SP,18,17,2.876265637294,3.0
2017,702,MATEMÁTICA (LICENCIATURA),UNIVERSIDADE ESTADUAL PAULISTA JÚLIO DE MESQUITA FILHO,Universidade,Pública Estadual,Educação Presencial,Presidente Prudente,SP,26,24,2.53411153231,3.0
2017,702,MATEMÁTICA (LICENCIATURA),UNIVERSIDADE ESTADUAL PAULISTA JÚLIO DE MESQUITA FILHO,Universidade,Pública Estadual,Educação Presencial,São José do Rio Preto,SP,29,29,3.6658056049,4.0
2017,702,MATEMÁTICA (LICENCIATURA),UNIVERSIDADE ESTADUAL PAULISTA JÚLIO DE MESQUITA FILHO,Universidade,Pública Estadual,Educação Presencial,Bauru,SP,24,18,2.729368007475,3.0
2017,702,MATEMÁTICA (LICENCIATURA),UNIVERSIDADE ESTADUAL PAULISTA JÚLIO DE MESQUITA FILHO,Universidade,Pública Estadual,Educação Presencial,Ilha Solteira,SP,14,12,3.481806026095,4.0
2017,702,MATEMÁTICA (LICENCIATURA),UNIVERSIDADE ESTADUAL PAULISTA JÚLIO DE MESQUITA FILHO,Universidade,Pública Estadual,Educação Presencial,Guaratinguetá,SP,23,18,2.905499814039,3.0
2017,702,MATEMÁTICA (LICENCIATURA),UNIVERSIDADE ESTADUAL DE MARINGÁ,Universidade,Pública Estadual,Educação Presencial,Maringá,PR,26,19,2.888287873672,3.0
2017,702,MATEMÁTICA (LICENCIATURA),CENTRO UNIVERSITÁRIO MUNICIPAL DE FRANCA,Centro Universitário,Especial,Educação Presencial,Franca,SP,18,17,2.594995564684,3.0
2017,702,MATEMÁTICA (LICENCIATURA),UNIVERSIDADE DO ESTADO DO RIO GRANDE DO NORTE,Universidade,Pública Estadual,Educação Presencial,Mossoró,RN,33,29,1.151244554886,2.0
2017,702,MATEMÁTICA (LICENCIATURA),UNIVERSIDADE DO ESTADO DO RIO GRANDE DO NORTE,Universidade,Pública Estadual,Educação Presencial,Patu,RN,18,15,1.287352986111,2.0
2017,702,MATEMÁTICA (LICENCIATURA),UNIVERSIDADE DO ESTADO DO RIO GRANDE DO NORTE,Universidade,Pública Estadual,Educação Presencial,Apodi,RN,17,15,1.374886202558,2.0
2017,702,MATEMÁTICA (LICENCIATURA),CENTRO DE ENSINO SUPERIOR DE ARCOVERDE,Faculdade,Especial,Educação Presencial,Arcoverde,PE,93,77,0.689215475529,1.0
2017,702,MATEMÁTICA (LICENCIATURA),UNIVERSIDADE REGIONAL DE BLUMENAU,Universidade,Pública Municipal,Educação Presencial,Blumenau,SC,3,3,3.532485110991,4.0
2017,702,MATEMÁTICA (LICENCIATURA),FACULDADE DE FILOSOFIA CIÊNCIAS E LETRAS DE ALEGRE,Faculdade,Pública Municipal,Educação Presencial,Alegre,ES,15,12,1.122929344596,2.0
2017,702,MATEMÁTICA (LICENCIATURA),UNIVERSIDADE DO VALE DO ITAJAÍ,Universidade,Privada sem fins lucrativos,Educação Presencial,Itajaí,SC,9,8,2.430221846859,3.0
2017,702,MATEMÁTICA (LICENCIATURA),FACULDADE DE FILOSOFIA CIÊNCIAS E LETRAS DE MACAÉ,Faculdade,Privada sem fins lucrativos,Educação Presencial,Macaé,RJ,7,4,0.735271174001,1.0
2017,702,MATEMÁTICA (LICENCIATURA),UNIVERSIDADE ESTADUAL DO VALE DO ACARAÚ,Universidade,Pública Estadual,Educação Presencial,Sobral,CE,111,86,1.558224313515,2.0
2017,702,MATEMÁTICA (LICENCIATURA),UNIVERSIDADE FEDERAL DE SÃO JOÃO DEL REI,Universidade,Pública Federal,Educação Presencial,São João del Rei,MG,16,16,3.571596197224,4.0
2017,702,MATEMÁTICA (LICENCIATURA),UNIVERSIDADE FEDERAL DE SÃO JOÃO DEL REI,Universidade,Pública Federal,Educação a Distância,Sete Lagoas,MG,73,67,1.59174519082,2.0
2017,702,MATEMÁTICA (LICENCIATURA),CENTRO UNIVERSITÁRIO CLARETIANO,Centro Universitário,Privada sem fins lucrativos,Educação a Distância,Batatais,SP,275,186,2.342683233125,3.0
2017,702,MATEMÁTICA (LICENCIATURA),UNIVERSIDADE DO SAGRADO CORAÇÃO,Universidade,Privada sem fins lucrativos,Educação Presencial,Bauru,SP,15,15,2.04927952856,3.0
2017,702,MATEMÁTICA (LICENCIATURA),UNIVERSIDADE DE UBERABA,Universidade,Privada sem fins lucrativos,Educação a Distância,Uberaba,MG,157,140,1.731780163351,2.0
2017,702,MATEMÁTICA (LICENCIATURA),UNIVERSIDADE DE SOROCABA,Universidade,Privada sem fins lucrativos,Educação Presencial,Sorocaba,SP,22,20,2.216426636355,3.0
2017,702,MATEMÁTICA (LICENCIATURA),UNIVERSIDADE ESTÁCIO DE SÁ,Universidade,Privada com fins lucrativos,Educação Presencial,Rio de Janeiro,RJ,60,52,1.657946354606,2.0
2017,702,MATEMÁTICA (LICENCIATURA),UNIVERSIDADE ESTÁCIO DE SÁ,Universidade,Privada com fins lucrativos,Educação Presencial,Nova Iguaçu,RJ,1,0,0.0,0.0
2017,702,MATEMÁTICA (LICENCIATURA),UNIVERSIDADE ESTÁCIO DE SÁ,Universidade,Privada com fins lucrativos,Educação a Distância,Rio de Janeiro,RJ,374,267,2.375744535967,3.0
2017,702,MATEMÁTICA (LICENCIATURA),UNIVERSIDADE METODISTA DE SÃO PAULO,Universidade,Privada sem fins lucrativos,Educação Presencial,São Bernardo do Campo,SP,20,19,2.745578779034,3.0
2017,702,MATEMÁTICA (LICENCIATURA),UNIVERSIDADE CASTELO BRANCO,Universidade,Privada sem fins lucrativos,Educação Presencial,Rio de Janeiro,RJ,14,12,1.978505907454,3.0
2017,702,MATEMÁTICA (LICENCIATURA),UNIVERSIDADE CRUZEIRO DO SUL,Universidade,Privada com fins lucrativos,Educação Presencial,São Paulo,SP,38,37,1.030918983577,2.0
2017,702,MATEMÁTICA (LICENCIATURA),UNIVERSIDADE CRUZEIRO DO SUL,Universidade,Privada com fins lucrativos,Educação a Distância,São Paulo,SP,8,8,2.035215877471,3.0
2017,702,MATEMÁTICA (LICENCIATURA),CENTRO UNIVERSITÁRIO DE VOTUPORANGA,Centro Universitário,Privada sem fins lucrativos,Educação Presencial,Votuporanga,SP,9,9,2.262383209568,3.0
2017,702,MATEMÁTICA (LICENCIATURA),UNIVERSIDADE CATÓLICA DE SANTOS,Universidade,Privada sem fins lucrativos,Educação Presencial,Santos,SP,19,19,2.48384144035,3.0
2017,702,MATEMÁTICA (LICENCIATURA),UNIVERSIDADE METODISTA DE PIRACICABA,Universidade,Privada sem fins lucrativos,Educação Presencial,Piracicaba,SP,16,13,2.078030739771,3.0
2017,702,MATEMÁTICA (LICENCIATURA),UNIVERSIDADE DO OESTE PAULISTA,Universidade,Privada sem fins lucrativos,Educação Presencial,Presidente Prudente,SP,13,13,2.740160431979,3.0
2017,702,MATEMÁTICA (LICENCIATURA),UNIVERSIDADE DO VALE DO PARAÍBA,Universidade,Privada sem fins lucrativos,Educação Presencial,São José dos Campos,SP,1,1,0.0,0.0
2017,702,MATEMÁTICA (LICENCIATURA),UNIVERSIDADE DE SANTA CRUZ DO SUL,Universidade,Privada sem fins lucrativos,Educação Presencial,Santa Cruz do Sul,RS,19,19,1.926150242792,2.0
2017,702,MATEMÁTICA (LICENCIATURA),UNIVERSIDADE PITÁGORAS UNOPAR,Universidade,Privada com fins lucrativos,Educação a Distância,Londrina,PR,179,135,1.509508644615,2.0
2017,702,MATEMÁTICA (LICENCIATURA),UNIVERSIDADE NOVE DE JULHO,Universidade,Privada sem fins lucrativos,Educação Presencial,São Paulo,SP,66,62,1.831551293741,2.0
2017,702,MATEMÁTICA (LICENCIATURA),UNIVERSIDADE NOVE DE JULHO,Universidade,Privada sem fins lucrativos,Educação a Distância,São Paulo,SP,35,30,2.49414503641,3.0
2017,702,MATEMÁTICA (LICENCIATURA),UNIVERSIDADE BRASIL,Universidade,Privada sem fins lucrativos,Educação Presencial,São Paulo,SP,24,14,1.245429562507,2.0
2017,702,MATEMÁTICA (LICENCIATURA),UNIVERSIDADE PAULISTA,Universidade,Privada com fins lucrativos,Educação Presencial,São Paulo,SP,18,3,1.003452500289,2.0
2017,702,MATEMÁTICA (LICENCIATURA),UNIVERSIDADE PAULISTA,Universidade,Privada com fins lucrativos,Educação a Distância,São Paulo,SP,332,241,1.80825432303,2.0
2017,702,MATEMÁTICA (LICENCIATURA),UNIVERSIDADE PAULISTA,Universidade,Privada com fins lucrativos,Educação Presencial,Sorocaba,SP,11,10,2.012634880792,3.0
2017,702,MATEMÁTICA (LICENCIATURA),UNIVERSIDADE PAULISTA,Universidade,Privada com fins lucrativos,Educação Presencial,Brasília,DF,22,18,2.636003315072,3.0
2017,702,MATEMÁTICA (LICENCIATURA),UNIVERSIDADE PAULISTA,Universidade,Privada com fins lucrativos,Educação Presencial,São Paulo,SP,8,8,2.151792361165,3.0
2017,702,MATEMÁTICA (LICENCIATURA),PONTIFÍCIA UNIVERSIDADE CATÓLICA DE MINAS GERAIS,Universidade,Privada sem fins lucrativos,Educação Presencial,Belo Horizonte,MG,17,15,3.696164400163,4.0
2017,702,MATEMÁTICA (LICENCIATURA),UNIVERSIDADE ESTADUAL DE MONTES CLAROS,Universidade,Pública Estadual,Educação Presencial,Montes Claros,MG,12,10,2.75743048573,3.0
2017,702,MATEMÁTICA (LICENCIATURA),UNIVERSIDADE ESTADUAL DE MONTES CLAROS,Universidade,Pública Estadual,Educação Presencial,São Francisco,MG,11,11,2.029230251608,3.0
2017,702,MATEMÁTICA (LICENCIATURA),CENTRO UNIVERSITÁRIO DAS FACULDADES METROPOLITANAS UNIDAS,Centro Universitário,Privada sem fins lucrativos,Educação Presencial,São Paulo,SP,36,31,2.891859644333,3.0
2017,702,MATEMÁTICA (LICENCIATURA),CENTRO UNIVERSITÁRIO ANHANGUERA DE SÃO PAULO,Centro Universitário,Privada com fins lucrativos,Educação Presencial,São Paulo,SP,2,0,0.0,0.0
2017,702,MATEMÁTICA (LICENCIATURA),UNIVERSIDADE DA AMAZÔNIA,Universidade,Privada com fins lucrativos,Educação Presencial,Belém,PA,40,35,1.757984473574,2.0
2017,702,MATEMÁTICA (LICENCIATURA),UNIVERSIDADE TIRADENTES,Universidade,Privada com fins lucrativos,Educação Presencial,Aracaju,SE,33,31,2.124304338223,3.0
2017,702,MATEMÁTICA (LICENCIATURA),UNIVERSIDADE CATÓLICA DE BRASÍLIA,Universidade,Privada sem fins lucrativos,Educação Presencial,Brasília,DF,19,17,2.094165313984,3.0
2017,702,MATEMÁTICA (LICENCIATURA),UNIVERSIDADE DE PERNAMBUCO,Universidade,Pública Estadual,Educação Presencial,Petrolina,PE,59,50,1.929734936581,2.0
2017,702,MATEMÁTICA (LICENCIATURA),UNIVERSIDADE DE PERNAMBUCO,Universidade,Pública Estadual,Educação Presencial,Nazaré da Mata,PE,56,50,1.985566929131,3.0
2017,702,MATEMÁTICA (LICENCIATURA),UNIVERSIDADE DE PERNAMBUCO,Universidade,Pública Estadual,Educação Presencial,Garanhuns,PE,47,44,2.437645029344,3.0
2017,702,MATEMÁTICA (LICENCIATURA),FACULDADE DE SÃO PAULO,Faculdade,Privada com fins lucrativos,Educação Presencial,São Paulo,SP,1,1,0.0,0.0
2017,702,MATEMÁTICA (LICENCIATURA),UNIVERSIDADE CIDADE DE SÃO PAULO,Universidade,Privada com fins lucrativos,Educação Presencial,São Paulo,SP,19,18,2.26819312036,3.0
2017,702,MATEMÁTICA (LICENCIATURA),UNIVERSIDADE REGIONAL INTEGRADA DO ALTO URUGUAI E DAS MISSÕES,Universidade,Privada sem fins lucrativos,Educação Presencial,Santo Ângelo,RS,13,10,2.592022328345,3.0
2017,702,MATEMÁTICA (LICENCIATURA),UNIVERSIDADE REGIONAL INTEGRADA DO ALTO URUGUAI E DAS MISSÕES,Universidade,Privada sem fins lucrativos,Educação Presencial,Frederico Westphalen,RS,24,24,2.355794809035,3.0
2017,702,MATEMÁTICA (LICENCIATURA),UNIVERSIDADE FRANCISCANA,Universidade,Privada sem fins lucrativos,Educação Presencial,Santa Maria,RS,4,4,2.978973665867,4.0
2017,702,MATEMÁTICA (LICENCIATURA),FACULDADE SANTA MARCELINA MURIAÉ - FASM,Faculdade,Privada sem fins lucrativos,Educação Presencial,Muriaé,MG,23,21,2.023186502324,3.0
2017,702,MATEMÁTICA (LICENCIATURA),FACULDADE DE FILOSOFIA CIÊNCIAS E LETRAS DE ITUVERAVA,Faculdade,Privada sem fins lucrativos,Educação Presencial,Ituverava,SP,3,3,1.389202615733,2.0
2017,702,MATEMÁTICA (LICENCIATURA),UNIVERSIDADE DO CONTESTADO,Universidade,Privada sem fins lucrativos,Educação Presencial,Mafra,SC,26,19,2.081827233887,3.0
2017,702,MATEMÁTICA (LICENCIATURA),UNIVERSIDADE LUTERANA DO BRASIL,Universidade,Privada sem fins lucrativos,Educação Presencial,Canoas,RS,15,13,2.671251222404,3.0
2017,702,MATEMÁTICA (LICENCIATURA),UNIVERSIDADE LUTERANA DO BRASIL,Universidade,Privada sem fins lucrativos,Educação a Distância,Canoas,RS,52,49,1.453921459948,2.0
2017,702,MATEMÁTICA (LICENCIATURA),CENTRO UNIVERSITÁRIO SANT´ANNA,Centro Universitário,Privada sem fins lucrativos,Educação Presencial,São Paulo,SP,15,10,0.477263126527,1.0
2017,702,MATEMÁTICA (LICENCIATURA),UNIVERSIDADE ANHANGUERA DE SÃO PAULO,Universidade,Privada com fins lucrativos,Educação Presencial,Santo André,SP,21,9,1.818911252928,2.0
2017,702,MATEMÁTICA (LICENCIATURA),UNIVERSIDADE ANHANGUERA DE SÃO PAULO,Universidade,Privada com fins lucrativos,Educação Presencial,Osasco,SP,7,1,0.0,0.0
2017,702,MATEMÁTICA (LICENCIATURA),UNIVERSIDADE DO GRANDE RIO PROFESSOR JOSÉ DE SOUZA HERDY,Universidade,Privada com fins lucrativos,Educação Presencial,Duque de Caxias,RJ,40,31,2.401392130111,3.0
2017,702,MATEMÁTICA (LICENCIATURA),UNIVERSIDADE DO EXTREMO SUL CATARINENSE,Universidade,Privada sem fins lucrativos,Educação Presencial,Criciúma,SC,15,13,1.727944367436,2.0
2017,702,MATEMÁTICA (LICENCIATURA),UNIVERSIDADE DO SUL DE SANTA CATARINA,Universidade,Privada sem fins lucrativos,Educação Presencial,Tubarão,SC,2,2,3.802143169205,4.0
2017,702,MATEMÁTICA (LICENCIATURA),UNIVERSIDADE DO SUL DE SANTA CATARINA,Universidade,Privada sem fins lucrativos,Educação a Distância,Tubarão,SC,28,24,2.823059928549,3.0
2017,702,MATEMÁTICA (LICENCIATURA),UNIVERSIDADE DE FRANCA,Universidade,Privada com fins lucrativos,Educação Presencial,Franca,SP,14,14,2.347172569248,3.0
2017,702,MATEMÁTICA (LICENCIATURA),UNIVERSIDADE DE FRANCA,Universidade,Privada com fins lucrativos,Educação a Distância,Franca,SP,22,17,1.75820641073,2.0
2017,702,MATEMÁTICA (LICENCIATURA),FACULDADE DE EDUCAÇÃO SÃO LUÍS,Faculdade,Privada sem fins lucrativos,Educação Presencial,Jaboticabal,SP,20,20,0.983743037948,2.0
2017,702,MATEMÁTICA (LICENCIATURA),UNIVERSIDADE CATÓLICA DO SALVADOR,Universidade,Privada sem fins lucrativos,Educação Presencial,Salvador,BA,32,29,1.555620572752,2.0
2017,702,MATEMÁTICA (LICENCIATURA),PONTIFÍCIA UNIVERSIDADE CATÓLICA DE GOIÁS,Universidade,Privada sem fins lucrativos,Educação Presencial,Goiânia,GO,23,19,2.262673543215,3.0
2017,702,MATEMÁTICA (LICENCIATURA),UNIVERSIDADE REGIONAL DO NOROESTE DO ESTADO DO RIO GRANDE DO SUL,Universidade,Privada sem fins lucrativos,Educação Presencial,Ijuí,RS,8,6,3.554214291266,4.0
2017,702,MATEMÁTICA (LICENCIATURA),PONTIFÍCIA UNIVERSIDADE CATÓLICA DE SÃO PAULO,Universidade,Privada sem fins lucrativos,Educação a Distância,São Paulo,SP,8,6,0.0,1.0
2017,702,MATEMÁTICA (LICENCIATURA),UNIVERSIDADE DO ESTADO DO RIO DE JANEIRO,Universidade,Pública Estadual,Educação Presencial,Rio de Janeiro,RJ,85,58,2.749239898563,3.0
2017,702,MATEMÁTICA (LICENCIATURA),UNIVERSIDADE DO ESTADO DO RIO DE JANEIRO,Universidade,Pública Estadual,Educação Presencial,São Gonçalo,RJ,37,35,1.767601295532,2.0
2017,702,MATEMÁTICA (LICENCIATURA),UNIVERSIDADE DO ESTADO DO RIO DE JANEIRO,Universidade,Pública Estadual,Educação Presencial,Duque de Caxias,RJ,52,48,1.109693963447,2.0
2017,702,MATEMÁTICA (LICENCIATURA),UNIVERSIDADE FEDERAL DO MARANHÃO,Universidade,Pública Federal,Educação Presencial,São Luís,MA,12,12,2.085004741241,3.0
2017,702,MATEMÁTICA (LICENCIATURA),UNIVERSIDADE FEDERAL DO ACRE,Universidade,Pública Federal,Educação Presencial,Rio Branco,AC,16,14,2.517943828349,3.0
2017,702,MATEMÁTICA (LICENCIATURA),UNIVERSIDADE ESTADUAL DA PARAÍBA,Universidade,Pública Estadual,Educação Presencial,Campina Grande,PB,106,83,1.390555644765,2.0
2017,702,MATEMÁTICA (LICENCIATURA),UNIVERSIDADE ESTADUAL DA PARAÍBA,Universidade,Pública Estadual,Educação Presencial,Monteiro,PB,23,20,1.247305050087,2.0
2017,702,MATEMÁTICA (LICENCIATURA),UNIVERSIDADE ESTADUAL DO MARANHÃO,Universidade,Pública Estadual,Educação Presencial,São Luís,MA,33,27,1.112138858619,2.0
2017,702,MATEMÁTICA (LICENCIATURA),UNIVERSIDADE ESTADUAL DO MARANHÃO,Universidade,Pública Estadual,Educação Presencial,Caxias,MA,27,26,1.458754456055,2.0
2017,702,MATEMÁTICA (LICENCIATURA),UNIVERSIDADE ESTADUAL DO MARANHÃO,Universidade,Pública Estadual,Educação Presencial,Balsas,MA,29,3,2.579814814957,3.0
2017,702,MATEMÁTICA (LICENCIATURA),UNIVERSIDADE ESTADUAL DO MARANHÃO,Universidade,Pública Estadual,Educação Presencial,Pedreiras,MA,19,18,1.198111266866,2.0
2017,702,MATEMÁTICA (LICENCIATURA),UNIVERSIDADE FEDERAL DO PARÁ,Universidade,Pública Federal,Educação Presencial,Belém,PA,423,267,1.372589432211,2.0
2017,702,MATEMÁTICA (LICENCIATURA),UNIVERSIDADE FEDERAL DO PARÁ,Universidade,Pública Federal,Educação Presencial,Bragança,PA,55,39,1.593968754714,2.0
2017,702,MATEMÁTICA (LICENCIATURA),UNIVERSIDADE FEDERAL DO PARÁ,Universidade,Pública Federal,Educação Presencial,Castanhal,PA,97,88,1.551931057019,2.0
2017,702,MATEMÁTICA (LICENCIATURA),UNIVERSIDADE FEDERAL DO PARÁ,Universidade,Pública Federal,Educação Presencial,Breves,PA,135,118,1.415672950618,2.0
2017,702,MATEMÁTICA (LICENCIATURA),UNIVERSIDADE FEDERAL DO PARÁ,Universidade,Pública Federal,Educação Presencial,Cametá,PA,34,29,1.561261534521,2.0
2017,702,MATEMÁTICA (LICENCIATURA),UNIVERSIDADE FEDERAL DO PARÁ,Universidade,Pública Federal,Educação a Distância,Belém,PA,77,60,1.250903066175,2.0
2017,702,MATEMÁTICA (LICENCIATURA),UNIVERSIDADE FEDERAL DO PARÁ,Universidade,Pública Federal,Educação Presencial,Abaetetuba,PA,72,52,1.343112695777,2.0
2017,702,MATEMÁTICA (LICENCIATURA),UNIVERSIDADE FEDERAL DO RIO GRANDE DO NORTE,Universidade,Pública Federal,Educação Presencial,Caicó,RN,20,19,1.672432061307,2.0
2017,702,MATEMÁTICA (LICENCIATURA),UNIVERSIDADE FEDERAL DO RIO GRANDE DO NORTE,Universidade,Pública Federal,Educação a Distância,Natal,RN,25,21,1.256794206155,2.0
2017,702,MATEMÁTICA (LICENCIATURA),UNIVERSIDADE FEDERAL DO RIO GRANDE DO NORTE,Universidade,Pública Federal,Educação Presencial,Natal,RN,54,52,2.725435717537,3.0
2017,702,MATEMÁTICA (LICENCIATURA),UNIVERSIDADE FEDERAL DO PARANÁ,Universidade,Pública Federal,Educação Presencial,Curitiba,PR,19,17,3.291174345501,4.0
2017,702,MATEMÁTICA (LICENCIATURA),UNIVERSIDADE FEDERAL DO PARANÁ,Universidade,Pública Federal,Educação Presencial,Curitiba,PR,14,13,3.606220590816,4.0
2017,702,MATEMÁTICA (LICENCIATURA),UNIVERSIDADE FEDERAL FLUMINENSE,Universidade,Pública Federal,Educação Presencial,Niterói,RJ,48,46,3.790517286795,4.0
2017,702,MATEMÁTICA (LICENCIATURA),UNIVERSIDADE FEDERAL FLUMINENSE,Universidade,Pública Federal,Educação Presencial,Santo Antônio de Pádua,RJ,18,17,1.655574793641,2.0
2017,702,MATEMÁTICA (LICENCIATURA),UNIVERSIDADE FEDERAL FLUMINENSE,Universidade,Pública Federal,Educação a Distância,Niterói,RJ,182,128,2.732786453103,3.0
2017,702,MATEMÁTICA (LICENCIATURA),UNIVERSIDADE FEDERAL DO ESPÍRITO SANTO,Universidade,Pública Federal,Educação Presencial,Vitória,ES,16,16,3.250305128246,4.0
2017,702,MATEMÁTICA (LICENCIATURA),UNIVERSIDADE FEDERAL DO ESPÍRITO SANTO,Universidade,Pública Federal,Educação Presencial,Alegre,ES,3,2,3.617010200034,4.0
2017,702,MATEMÁTICA (LICENCIATURA),UNIVERSIDADE FEDERAL DO ESPÍRITO SANTO,Universidade,Pública Federal,Educação Presencial,São Mateus,ES,8,8,2.688033664821,3.0
2017,702,MATEMÁTICA (LICENCIATURA),UNIVERSIDADE FEDERAL RURAL DO RIO DE JANEIRO,Universidade,Pública Federal,Educação Presencial,Seropédica,RJ,34,33,3.204568846165,4.0
2017,702,MATEMÁTICA (LICENCIATURA),UNIVERSIDADE FEDERAL RURAL DO RIO DE JANEIRO,Universidade,Pública Federal,Educação Presencial,Nova Iguaçu,RJ,44,29,2.3736106659,3.0
2017,702,MATEMÁTICA (LICENCIATURA),UNIVERSIDADE FEDERAL DE MINAS GERAIS,Universidade,Pública Federal,Educação Presencial,Belo Horizonte,MG,52,48,4.081543877012,5.0
2017,702,MATEMÁTICA (LICENCIATURA),UNIVERSIDADE FEDERAL DE MINAS GERAIS,Universidade,Pública Federal,Educação a Distância,Belo Horizonte,MG,11,9,2.788660466518,3.0
2017,702,MATEMÁTICA (LICENCIATURA),UNIVERSIDADE FEDERAL DE JUIZ DE FORA,Universidade,Pública Federal,Educação Presencial,Juiz de Fora,MG,3,3,2.212541324323,3.0
2017,702,MATEMÁTICA (LICENCIATURA),UNIVERSIDADE FEDERAL DE JUIZ DE FORA,Universidade,Pública Federal,Educação a Distância,Juiz de Fora,MG,16,15,2.114192325335,3.0
2017,702,MATEMÁTICA (LICENCIATURA),UNIVERSIDADE FEDERAL DE JUIZ DE FORA,Universidade,Pública Federal,Educação Presencial,Juiz de Fora,MG,13,13,4.032277591035,5.0
2017,702,MATEMÁTICA (LICENCIATURA),UNIVERSIDADE FEDERAL DE ALAGOAS,Universidade,Pública Federal,Educação Presencial,Arapiraca,AL,43,42,2.300576139892,3.0
2017,702,MATEMÁTICA (LICENCIATURA),UNIVERSIDADE FEDERAL DE ALAGOAS,Universidade,Pública Federal,Educação Presencial,Maceió,AL,66,63,2.214652711128,3.0
2017,702,MATEMÁTICA (LICENCIATURA),UNIVERSIDADE FEDERAL DE ALAGOAS,Universidade,Pública Federal,Educação a Distância,Maceió,AL,48,35,0.779653605104,1.0
2017,702,MATEMÁTICA (LICENCIATURA),UNIVERSIDADE FEDERAL DA BAHIA,Universidade,Pública Federal,Educação Presencial,Salvador,BA,13,7,2.923922466112,3.0
2017,702,MATEMÁTICA (LICENCIATURA),UNIVERSIDADE FEDERAL DA BAHIA,Universidade,Pública Federal,Educação Presencial,Salvador,BA,11,5,0.391689225772,1.0
2017,702,MATEMÁTICA (LICENCIATURA),UNIVERSIDADE FEDERAL DA PARAÍBA,Universidade,Pública Federal,Educação Presencial,João Pessoa,PB,39,36,2.467768890331,3.0
2017,702,MATEMÁTICA (LICENCIATURA),UNIVERSIDADE FEDERAL DA PARAÍBA,Universidade,Pública Federal,Educação Presencial,Rio Tinto,PB,37,34,1.489726919812,2.0
2017,702,MATEMÁTICA (LICENCIATURA),UNIVERSIDADE FEDERAL DA PARAÍBA,Universidade,Pública Federal,Educação a Distância,João Pessoa,PB,69,19,1.79391781863,2.0
2017,702,MATEMÁTICA (LICENCIATURA),UNIVERSIDADE FEDERAL DE PERNAMBUCO,Universidade,Pública Federal,Educação Presencial,Recife,PE,31,26,3.595199204652,4.0
2017,702,MATEMÁTICA (LICENCIATURA),UNIVERSIDADE FEDERAL DE PERNAMBUCO,Universidade,Pública Federal,Educação Presencial,Caruaru,PE,97,92,2.404194504985,3.0
2017,702,MATEMÁTICA (LICENCIATURA),UNIVERSIDADE FEDERAL DE PERNAMBUCO,Universidade,Pública Federal,Educação a Distância,Recife,PE,15,14,1.665545545479,2.0
2017,702,MATEMÁTICA (LICENCIATURA),UNIVERSIDADE FEDERAL DO RIO GRANDE DO SUL,Universidade,Pública Federal,Educação Presencial,Porto Alegre,RS,43,38,3.979232798112,5.0
2017,702,MATEMÁTICA (LICENCIATURA),UNIVERSIDADE FEDERAL DE SANTA MARIA,Universidade,Pública Federal,Educação Presencial,Santa Maria,RS,8,8,3.758608109293,4.0
2017,702,MATEMÁTICA (LICENCIATURA),UNIVERSIDADE FEDERAL DE SANTA MARIA,Universidade,Pública Federal,Educação Presencial,Santa Maria,RS,15,11,3.133215283687,4.0
2017,702,MATEMÁTICA (LICENCIATURA),UNIVERSIDADE FEDERAL DO CEARÁ,Universidade,Pública Federal,Educação Presencial,Fortaleza,CE,26,14,2.193359051716,3.0
2017,702,MATEMÁTICA (LICENCIATURA),UNIVERSIDADE FEDERAL DO CEARÁ,Universidade,Pública Federal,Educação a Distância,Fortaleza,CE,100,94,1.429604655296,2.0
2017,702,MATEMÁTICA (LICENCIATURA),UNIVERSIDADE FEDERAL DE GOIÁS,Universidade,Pública Federal,Educação Presencial,Catalão,GO,15,15,2.091572403431,3.0
2017,702,MATEMÁTICA (LICENCIATURA),UNIVERSIDADE FEDERAL DE GOIÁS,Universidade,Pública Federal,Educação Presencial,Jataí,GO,7,7,2.015792089054,3.0
2017,702,MATEMÁTICA (LICENCIATURA),UNIVERSIDADE FEDERAL DE GOIÁS,Universidade,Pública Federal,Educação Presencial,Goiânia,GO,26,22,3.051073492133,4.0
2017,702,MATEMÁTICA (LICENCIATURA),UNIVERSIDADE FEDERAL DE GOIÁS,Universidade,Pública Federal,Educação Presencial,Goiânia,GO,11,11,3.241030689038,4.0
2017,702,MATEMÁTICA (LICENCIATURA),UNIVERSIDADE FEDERAL DE GOIÁS,Universidade,Pública Federal,Educação a Distância,Goiânia,GO,34,27,2.037555921266,3.0
2017,702,MATEMÁTICA (LICENCIATURA),UNIVERSIDADE FEDERAL DE SANTA CATARINA,Universidade,Pública Federal,Educação Presencial,Florianópolis,SC,23,21,3.480218798885,4.0
2017,702,MATEMÁTICA (LICENCIATURA),UNIVERSIDADE FEDERAL DE SANTA CATARINA,Universidade,Pública Federal,Educação a Distância,Florianópolis,SC,11,8,2.568874985258,3.0
2017,702,MATEMÁTICA (LICENCIATURA),UNIVERSIDADE FEDERAL DE SANTA CATARINA,Universidade,Pública Federal,Educação Presencial,Blumenau,SC,5,5,4.72152554048,5.0
2017,702,MATEMÁTICA (LICENCIATURA),UNIVERSIDADE FEDERAL DO RIO DE JANEIRO,Universidade,Pública Federal,Educação Presencial,Rio de Janeiro,RJ,27,24,3.196831452472,4.0
2017,702,MATEMÁTICA (LICENCIATURA),UNIVERSIDADE FEDERAL RURAL DE PERNAMBUCO,Universidade,Pública Federal,Educação Presencial,Recife,PE,23,19,3.369007360962,4.0
2017,702,MATEMÁTICA (LICENCIATURA),UNIVERSIDADE TECNOLÓGICA FEDERAL DO PARANÁ,Universidade,Pública Federal,Educação Presencial,Pato Branco,PR,13,13,3.746266849818,4.0
2017,702,MATEMÁTICA (LICENCIATURA),UNIVERSIDADE TECNOLÓGICA FEDERAL DO PARANÁ,Universidade,Pública Federal,Educação Presencial,Cornélio Procópio,PR,10,10,3.205520061394,4.0
2017,702,MATEMÁTICA (LICENCIATURA),UNIVERSIDADE TECNOLÓGICA FEDERAL DO PARANÁ,Universidade,Pública Federal,Educação Presencial,Curitiba,PR,14,14,4.125572747821,5.0
2017,702,MATEMÁTICA (LICENCIATURA),UNIVERSIDADE TECNOLÓGICA FEDERAL DO PARANÁ,Universidade,Pública Federal,Educação Presencial,Toledo,PR,18,17,2.714325304867,3.0
2017,702,MATEMÁTICA (LICENCIATURA),UNIVERSIDADE FEDERAL RURAL DO SEMI-ÁRIDO,Universidade,Pública Federal,Educação a Distância,Mossoró,RN,18,15,1.83590112105,2.0
2017,702,MATEMÁTICA (LICENCIATURA),UNIVERSIDADE FEDERAL DE LAVRAS,Universidade,Pública Federal,Educação Presencial,Lavras,MG,19,19,3.036512165633,4.0
2017,702,MATEMÁTICA (LICENCIATURA),UNIVERSIDADE FEDERAL DE ALFENAS,Universidade,Pública Federal,Educação Presencial,Alfenas,MG,9,9,4.203476441019,5.0
2017,702,MATEMÁTICA (LICENCIATURA),UNIVERSIDADE FEDERAL DOS VALES DO JEQUITINHONHA E MUCURI,Universidade,Pública Federal,Educação Presencial,Teófilo Otoni,MG,6,6,2.925322773885,3.0
2017,702,MATEMÁTICA (LICENCIATURA),UNIVERSIDADE FEDERAL DOS VALES DO JEQUITINHONHA E MUCURI,Universidade,Pública Federal,Educação a Distância,Cristália,MG,20,19,2.373399234771,3.0
2017,702,MATEMÁTICA (LICENCIATURA),UNIVERSIDADE FEDERAL DO TRIÂNGULO MINEIRO,Universidade,Pública Federal,Educação Presencial,Uberaba,MG,13,11,3.339156416415,4.0
2017,702,MATEMÁTICA (LICENCIATURA),UNIVERSIDADE FEDERAL DE ITAJUBÁ - UNIFEI,Universidade,Pública Federal,Educação Presencial,Itajubá,MG,12,11,4.222288041125,5.0
2017,702,MATEMÁTICA (LICENCIATURA),"INSTITUTO FEDERAL DE EDUCAÇÃO, CIÊNCIA E TECNOLOGIA DA BAHIA","Instituto Federal de Educação, Ciência e Tecnologia",Pública Federal,Educação Presencial,Eunápolis,BA,5,5,2.813195391586,3.0
2017,702,MATEMÁTICA (LICENCIATURA),"INSTITUTO FEDERAL DE EDUCAÇÃO, CIÊNCIA E TECNOLOGIA DA BAHIA","Instituto Federal de Educação, Ciência e Tecnologia",Pública Federal,Educação Presencial,Barreiras,BA,9,8,2.938805001937,3.0
2017,702,MATEMÁTICA (LICENCIATURA),"INSTITUTO FEDERAL DE EDUCAÇÃO, CIÊNCIA E TECNOLOGIA DA BAHIA","Instituto Federal de Educação, Ciência e Tecnologia",Pública Federal,Educação Presencial,Valença,BA,24,21,1.909050584779,2.0
2017,702,MATEMÁTICA (LICENCIATURA),"INSTITUTO FEDERAL DE EDUCAÇÃO, CIÊNCIA E TECNOLOGIA DA BAHIA","Instituto Federal de Educação, Ciência e Tecnologia",Pública Federal,Educação Presencial,Salvador,BA,10,9,3.761775374111,4.0
2017,702,MATEMÁTICA (LICENCIATURA),"INSTITUTO FEDERAL DE EDUCAÇÃO, CIÊNCIA E TECNOLOGIA DA BAHIA","Instituto Federal de Educação, Ciência e Tecnologia",Pública Federal,Educação Presencial,Camaçari,BA,11,11,2.386501297086,3.0
2017,702,MATEMÁTICA (LICENCIATURA),"INSTITUTO FEDERAL DE EDUCAÇÃO, CIÊNCIA E TECNOLOGIA DO MARANHÃO","Instituto Federal de Educação, Ciência e Tecnologia",Pública Federal,Educação Presencial,São Luís,MA,28,23,2.191498994292,3.0
2017,702,MATEMÁTICA (LICENCIATURA),"INSTITUTO FEDERAL DE EDUCAÇÃO, CIÊNCIA E TECNOLOGIA DO MARANHÃO","Instituto Federal de Educação, Ciência e Tecnologia",Pública Federal,Educação Presencial,Codó,MA,49,47,1.048397249498,2.0
2017,702,MATEMÁTICA (LICENCIATURA),"INSTITUTO FEDERAL DE EDUCAÇÃO, CIÊNCIA E TECNOLOGIA DO MARANHÃO","Instituto Federal de Educação, Ciência e Tecnologia",Pública Federal,Educação Presencial,Zé Doca,MA,34,20,0.589532152564,1.0
2017,702,MATEMÁTICA (LICENCIATURA),"INSTITUTO FEDERAL DE EDUCAÇÃO, CIÊNCIA E TECNOLOGIA DO MARANHÃO","Instituto Federal de Educação, Ciência e Tecnologia",Pública Federal,Educação Presencial,Buriticupu,MA,17,17,1.337832259633,2.0
2017,702,MATEMÁTICA (LICENCIATURA),"INSTITUTO FEDERAL DE EDUCAÇÃO, CIÊNCIA E TECNOLOGIA DO MARANHÃO","Instituto Federal de Educação, Ciência e Tecnologia",Pública Federal,Educação Presencial,Caxias,MA,12,12,1.650895259831,2.0
2017,702,MATEMÁTICA (LICENCIATURA),"INSTITUTO FEDERAL DE EDUCAÇÃO, CIÊNCIA E TECNOLOGIA DO RIO GRANDE DO SUL","Instituto Federal de Educação, Ciência e Tecnologia",Pública Federal,Educação Presencial,Bento Gonçalves,RS,16,13,3.039169425794,4.0
2017,702,MATEMÁTICA (LICENCIATURA),"INSTITUTO FEDERAL DE EDUCAÇÃO, CIÊNCIA E TECNOLOGIA DO RIO GRANDE DO SUL","Instituto Federal de Educação, Ciência e Tecnologia",Pública Federal,Educação Presencial,Caxias do Sul,RS,12,10,3.833626718161,4.0
2017,702,MATEMÁTICA (LICENCIATURA),"INSTITUTO FEDERAL DE EDUCAÇÃO, CIÊNCIA E TECNOLOGIA DO RIO GRANDE DO SUL","Instituto Federal de Educação, Ciência e Tecnologia",Pública Federal,Educação Presencial,Ibirubá,RS,13,13,2.835670194949,3.0
2017,702,MATEMÁTICA (LICENCIATURA),"INSTITUTO FEDERAL DE EDUCAÇÃO, CIÊNCIA E TECNOLOGIA DO RIO GRANDE DO SUL","Instituto Federal de Educação, Ciência e Tecnologia",Pública Federal,Educação Presencial,Canoas,RS,2,2,4.887199434229,5.0
2017,702,MATEMÁTICA (LICENCIATURA),UNIVERSIDADE ESTADUAL DO OESTE DO PARANÁ,Universidade,Pública Estadual,Educação Presencial,Cascavel,PR,15,14,4.103789325867,5.0
2017,702,MATEMÁTICA (LICENCIATURA),UNIVERSIDADE ESTADUAL DO OESTE DO PARANÁ,Universidade,Pública Estadual,Educação Presencial,Foz do Iguaçu,PR,9,8,2.646799406258,3.0
2017,702,MATEMÁTICA (LICENCIATURA),CENTRO UNIVERSITÁRIO CENECISTA DE OSÓRIO,Centro Universitário,Privada sem fins lucrativos,Educação Presencial,Osório,RS,7,7,2.477743667597,3.0
2017,702,MATEMÁTICA (LICENCIATURA),UNIVERSIDADE FEDERAL DE PELOTAS,Universidade,Pública Federal,Educação Presencial,Capão do Leão,RS,7,6,3.875073755829,4.0
2017,702,MATEMÁTICA (LICENCIATURA),UNIVERSIDADE FEDERAL DE PELOTAS,Universidade,Pública Federal,Educação Presencial,Pelotas,RS,15,14,2.840267961825,3.0
2017,702,MATEMÁTICA (LICENCIATURA),FACULDADE DE FORMAÇÃO DE PROFESSORES DE SERRA TALHADA,Faculdade,Especial,Educação Presencial,Serra Talhada,PE,28,26,1.305572719514,2.0
2017,702,MATEMÁTICA (LICENCIATURA),UNIVERSIDADE SALGADO DE OLIVEIRA,Universidade,Privada sem fins lucrativos,Educação Presencial,São Gonçalo,RJ,1,1,0.0,0.0
2017,702,MATEMÁTICA (LICENCIATURA),UNIVERSIDADE DE TAUBATÉ,Universidade,Pública Municipal,Educação Presencial,Taubaté,SP,12,12,1.886501158938,2.0
2017,702,MATEMÁTICA (LICENCIATURA),UNIVERSIDADE DE TAUBATÉ,Universidade,Pública Municipal,Educação a Distância,Taubaté,SP,10,7,1.807033036375,2.0
2017,702,MATEMÁTICA (LICENCIATURA),UNIVERSIDADE DE TAUBATÉ,Universidade,Pública Municipal,Educação a Distância,Taubaté,SP,6,5,1.741711395596,2.0
2017,702,MATEMÁTICA (LICENCIATURA),UNIVERSIDADE ESTADUAL DE FEIRA DE SANTANA,Universidade,Pública Estadual,Educação Presencial,Feira de Santana,BA,50,43,1.688921193553,2.0
2017,702,MATEMÁTICA (LICENCIATURA),UNIVERSIDADE ANHANGUERA,Universidade,Privada com fins lucrativos,Educação Presencial,Campo Grande,MS,10,10,3.082592202922,4.0
2017,702,MATEMÁTICA (LICENCIATURA),UNIVERSIDADE ANHANGUERA,Universidade,Privada com fins lucrativos,Educação a Distância,Campo Grande,MS,101,83,1.885044803095,2.0
2017,702,MATEMÁTICA (LICENCIATURA),CENTRO DE ENSINO SUPERIOR DO VALE SÃO FRANCISCO,Faculdade,Especial,Educação Presencial,Belém do São Francisco,PE,22,20,1.663125182355,2.0
2017,702,MATEMÁTICA (LICENCIATURA),FACULDADE DO BELO JARDIM,Faculdade,Especial,Educação Presencial,Belo Jardim,PE,70,65,1.434647830111,2.0
2017,702,MATEMÁTICA (LICENCIATURA),FACULDADE DE CIÊNCIAS APLICADAS DE LIMOEIRO,Faculdade,Especial,Educação Presencial,Limoeiro,PE,43,39,1.155115064836,2.0
2017,702,MATEMÁTICA (LICENCIATURA),UNIVERSIDADE ESTADUAL DO SUDOESTE DA BAHIA,Universidade,Pública Estadual,Educação Presencial,Vitória da Conquista,BA,34,31,2.499804081014,3.0
2017,702,MATEMÁTICA (LICENCIATURA),UNIVERSIDADE ESTADUAL DO SUDOESTE DA BAHIA,Universidade,Pública Estadual,Educação Presencial,Jequié,BA,26,26,3.215913581599,4.0
2017,702,MATEMÁTICA (LICENCIATURA),UNIVERSIDADE FEDERAL DO ESTADO DO RIO DE JANEIRO,Universidade,Pública Federal,Educação a Distância,Rio de Janeiro,RJ,38,25,3.096419709242,4.0
2017,702,MATEMÁTICA (LICENCIATURA),UNIVERSIDADE FEDERAL DO ESTADO DO RIO DE JANEIRO,Universidade,Pública Federal,Educação Presencial,Rio de Janeiro,RJ,13,13,4.114046745843,5.0
2017,702,MATEMÁTICA (LICENCIATURA),UNIVERSIDADE FEDERAL DE MATO GROSSO DO SUL,Universidade,Pública Federal,Educação Presencial,Campo Grande,MS,18,14,3.271764133441,4.0
2017,702,MATEMÁTICA (LICENCIATURA),UNIVERSIDADE FEDERAL DE MATO GROSSO DO SUL,Universidade,Pública Federal,Educação Presencial,Corumbá,MS,12,11,2.219320233806,3.0
2017,702,MATEMÁTICA (LICENCIATURA),UNIVERSIDADE FEDERAL DE MATO GROSSO DO SUL,Universidade,Pública Federal,Educação Presencial,Três Lagoas,MS,6,5,3.538064086109,4.0
2017,702,MATEMÁTICA (LICENCIATURA),UNIVERSIDADE FEDERAL DE MATO GROSSO DO SUL,Universidade,Pública Federal,Educação Presencial,Aquidauana,MS,6,5,1.424224917658,2.0
2017,702,MATEMÁTICA (LICENCIATURA),UNIVERSIDADE FEDERAL DE MATO GROSSO DO SUL,Universidade,Pública Federal,Educação Presencial,Paranaíba,MS,16,14,1.710426168932,2.0
2017,702,MATEMÁTICA (LICENCIATURA),UNIVERSIDADE FEDERAL DE MATO GROSSO DO SUL,Universidade,Pública Federal,Educação Presencial,Ponta Porã,MS,19,18,2.174030483381,3.0
2017,702,MATEMÁTICA (LICENCIATURA),UNIVERSIDADE FEDERAL DE MATO GROSSO DO SUL,Universidade,Pública Federal,Educação a Distância,Campo Grande,MS,23,22,1.825318374468,2.0
2017,702,MATEMÁTICA (LICENCIATURA),FUNDAÇÃO UNIVERSIDADE FEDERAL DE RONDÔNIA,Universidade,Pública Federal,Educação Presencial,Porto Velho,RO,34,26,1.432567720243,2.0
2017,702,MATEMÁTICA (LICENCIATURA),FUNDAÇÃO UNIVERSIDADE FEDERAL DE RONDÔNIA,Universidade,Pública Federal,Educação Presencial,Ji-Paraná,RO,35,20,1.69132163122,2.0
2017,702,MATEMÁTICA (LICENCIATURA),FACULDADE  DE CIÊNCIAS E TECNOLOGIA PROFESSOR DIRSON MACIEL DE BARROS,Faculdade,Especial,Educação Presencial,Goiana,PE,17,16,1.013714829933,2.0
2017,702,MATEMÁTICA (LICENCIATURA),FACULDADE DE FORMAÇÃO DE PROFESSORES DE ARARIPINA,Faculdade,Especial,Educação Presencial,Araripina,PE,30,26,1.260631059774,2.0
2017,702,MATEMÁTICA (LICENCIATURA),UNIVERSIDADE DO ESTADO DE MATO GROSSO,Universidade,Pública Estadual,Educação Presencial,Cáceres,MT,4,2,2.1905875262,3.0
2017,702,MATEMÁTICA (LICENCIATURA),UNIVERSIDADE DO ESTADO DE MATO GROSSO,Universidade,Pública Estadual,Educação Presencial,Sinop,MT,10,6,1.570184653772,2.0
2017,702,MATEMÁTICA (LICENCIATURA),UNIVERSIDADE DO ESTADO DE MATO GROSSO,Universidade,Pública Estadual,Educação Presencial,Barra do Bugres,MT,30,28,1.108038048257,2.0
2017,702,MATEMÁTICA (LICENCIATURA),UNIVERSIDADE DO ESTADO DE MATO GROSSO,Universidade,Pública Estadual,Educação Presencial,Matupá,MT,23,20,1.669262985908,2.0
2017,702,MATEMÁTICA (LICENCIATURA),UNIVERSIDADE DO ESTADO DE MATO GROSSO,Universidade,Pública Estadual,Educação Presencial,Rio Branco,MT,30,25,1.088974706872,2.0
2017,702,MATEMÁTICA (LICENCIATURA),UNIVERSIDADE ESTADUAL DE PONTA GROSSA,Universidade,Pública Estadual,Educação Presencial,Ponta Grossa,PR,29,24,2.198319162817,3.0
2017,702,MATEMÁTICA (LICENCIATURA),UNIVERSIDADE ESTADUAL DE PONTA GROSSA,Universidade,Pública Estadual,Educação a Distância,Ponta Grossa,PR,26,22,1.92069028694,2.0
2017,702,MATEMÁTICA (LICENCIATURA),CENTRO UNIVERSITÁRIO SÃO CAMILO - ESPÍRITO SANTO,Centro Universitário,Privada sem fins lucrativos,Educação Presencial,Cachoeiro de Itapemirim,ES,29,28,1.878112159908,2.0
2017,702,MATEMÁTICA (LICENCIATURA),UNIVERSIDADE REGIONAL DO CARIRI,Universidade,Pública Estadual,Educação Presencial,Juazeiro do Norte,CE,40,37,1.867727165883,2.0
2017,702,MATEMÁTICA (LICENCIATURA),UNIVERSIDADE REGIONAL DO CARIRI,Universidade,Pública Estadual,Educação Presencial,Campos Sales,CE,59,56,0.954714398109,2.0
2017,702,MATEMÁTICA (LICENCIATURA),FACULDADE DE PARÁ DE MINAS,Faculdade,Privada sem fins lucrativos,Educação Presencial,Pará de Minas,MG,28,27,2.796980133565,3.0
2017,702,MATEMÁTICA (LICENCIATURA),UNIVERSIDADE ESTADUAL DO PIAUÍ,Universidade,Pública Estadual,Educação Presencial,Oeiras,PI,5,3,0.906584772968,1.0
2017,702,MATEMÁTICA (LICENCIATURA),UNIVERSIDADE ESTADUAL DO PIAUÍ,Universidade,Pública Estadual,Educação Presencial,Teresina,PI,37,21,1.81099667201,2.0
2017,702,MATEMÁTICA (LICENCIATURA),UNIVERSIDADE ESTADUAL DO PIAUÍ,Universidade,Pública Estadual,Educação Presencial,Teresina,PI,25,17,1.061974181783,2.0
2017,702,MATEMÁTICA (LICENCIATURA),UNIVERSIDADE ESTADUAL DO PIAUÍ,Universidade,Pública Estadual,Educação Presencial,Corrente,PI,12,11,0.326881429345,1.0
2017,702,MATEMÁTICA (LICENCIATURA),UNIVERSIDADE ESTADUAL DO PIAUÍ,Universidade,Pública Estadual,Educação Presencial,Canto do Buriti,PI,20,17,0.78140284549,1.0
2017,702,MATEMÁTICA (LICENCIATURA),UNIVERSIDADE FEDERAL DE RORAIMA,Universidade,Pública Federal,Educação Presencial,Boa Vista,RR,4,0,0.0,0.0
2017,702,MATEMÁTICA (LICENCIATURA),UNIVERSIDADE FEDERAL DE RORAIMA,Universidade,Pública Federal,Educação a Distância,Boa Vista,RR,9,0,0.0,0.0
2017,702,MATEMÁTICA (LICENCIATURA),Centro Universitário Estácio de São Paulo,Centro Universitário,Privada com fins lucrativos,Educação Presencial,São Paulo,SP,32,25,1.72280785233,2.0
2017,702,MATEMÁTICA (LICENCIATURA),FACULDADE INTERAÇÃO AMERICANA,Faculdade,Privada sem fins lucrativos,Educação Presencial,São Bernardo do Campo,SP,21,13,2.229675908207,3.0
2017,702,MATEMÁTICA (LICENCIATURA),CENTRO TÉCNICO-EDUCACIONAL SUPERIOR DO OESTE PARANAENSE,Faculdade,Privada com fins lucrativos,Educação Presencial,Assis Chateaubriand,PR,20,20,1.857122735825,2.0
2017,702,MATEMÁTICA (LICENCIATURA),CENTRO UNIVERSITÁRIO DE DESENVOLVIMENTO DO CENTRO OESTE,Centro Universitário,Privada com fins lucrativos,Educação Presencial,Luziânia,GO,6,6,1.621199708193,2.0
2017,702,MATEMÁTICA (LICENCIATURA),UNIVERSIDADE DO TOCANTINS,Universidade,Pública Estadual,Educação a Distância,Palmas,TO,5,4,0.759563249667,1.0
2017,702,MATEMÁTICA (LICENCIATURA),UNIVERSIDADE FEDERAL DO AMAPÁ,Universidade,Pública Federal,Educação Presencial,Macapá,AP,43,31,1.624006398395,2.0
2017,702,MATEMÁTICA (LICENCIATURA),UNIVERSIDADE METROPOLITANA DE SANTOS,Universidade,Privada sem fins lucrativos,Educação a Distância,Santos,SP,332,114,1.333982044467,2.0
2017,702,MATEMÁTICA (LICENCIATURA),UNIVERSIDADE METROPOLITANA DE SANTOS,Universidade,Privada sem fins lucrativos,Educação Presencial,Santos,SP,11,7,1.295262940794,2.0
2017,702,MATEMÁTICA (LICENCIATURA),FACULDADE DO SERTÃO DO PAJEÚ,Faculdade,Especial,Educação Presencial,Afogados da Ingazeira,PE,10,10,2.980757152162,4.0
2017,702,MATEMÁTICA (LICENCIATURA),UNIVERSIDADE ESTADUAL DO NORTE FLUMINENSE DARCY RIBEIRO,Universidade,Pública Estadual,Educação Presencial,Campos dos Goytacazes,RJ,6,5,2.935539569117,3.0
2017,702,MATEMÁTICA (LICENCIATURA),UNIVERSIDADE ESTADUAL DE MATO GROSSO DO SUL,Universidade,Pública Estadual,Educação Presencial,Cassilândia,MS,7,6,1.836028372589,2.0
2017,702,MATEMÁTICA (LICENCIATURA),UNIVERSIDADE ESTADUAL DE MATO GROSSO DO SUL,Universidade,Pública Estadual,Educação Presencial,Nova Andradina,MS,16,14,2.220448513933,3.0
2017,702,MATEMÁTICA (LICENCIATURA),UNIVERSIDADE ESTADUAL DE MATO GROSSO DO SUL,Universidade,Pública Estadual,Educação Presencial,Dourados,MS,8,8,1.430586982484,2.0
2017,702,MATEMÁTICA (LICENCIATURA),CENTRO UNIVERSITÁRIO SALESIANO DE SÃO PAULO,Centro Universitário,Privada sem fins lucrativos,Educação Presencial,Lorena,SP,13,12,0.999188398711,2.0
2017,702,MATEMÁTICA (LICENCIATURA),UNIÃO DE ESCOLAS SUPERIORES DA FUNESO,Faculdade,Privada sem fins lucrativos,Educação Presencial,Olinda,PE,14,12,0.697496535247,1.0
2017,702,MATEMÁTICA (LICENCIATURA),UNIVERSIDADE DO ESTADO DE MINAS GERAIS,Universidade,Pública Estadual,Educação Presencial,Carangola,MG,19,18,1.845777814642,2.0
2017,702,MATEMÁTICA (LICENCIATURA),UNIVERSIDADE DO ESTADO DE MINAS GERAIS,Universidade,Pública Estadual,Educação Presencial,Passos,MG,24,20,2.57172535847,3.0
2017,702,MATEMÁTICA (LICENCIATURA),UNIVERSIDADE DO ESTADO DE MINAS GERAIS,Universidade,Pública Estadual,Educação Presencial,Divinópolis,MG,9,8,2.974597817746,4.0
2017,702,MATEMÁTICA (LICENCIATURA),UNIVERSIDADE DO ESTADO DE MINAS GERAIS,Universidade,Pública Estadual,Educação Presencial,Ibirité,MG,49,41,1.605010391352,2.0
2017,702,MATEMÁTICA (LICENCIATURA),"INSTITUTO FEDERAL DE EDUCAÇÃO, CIÊNCIA E TECNOLOGIA DO RIO GRANDE DO NORTE","Instituto Federal de Educação, Ciência e Tecnologia",Pública Federal,Educação Presencial,Mossoró,RN,8,6,1.669819684469,2.0
2017,702,MATEMÁTICA (LICENCIATURA),"INSTITUTO FEDERAL DE EDUCAÇÃO, CIÊNCIA E TECNOLOGIA DO RIO GRANDE DO NORTE","Instituto Federal de Educação, Ciência e Tecnologia",Pública Federal,Educação Presencial,Natal,RN,18,18,2.508741437751,3.0
2017,702,MATEMÁTICA (LICENCIATURA),"INSTITUTO FEDERAL DE EDUCAÇÃO, CIÊNCIA E TECNOLOGIA DO RIO GRANDE DO NORTE","Instituto Federal de Educação, Ciência e Tecnologia",Pública Federal,Educação Presencial,Santa Cruz,RN,17,16,3.207065938213,4.0
2017,702,MATEMÁTICA (LICENCIATURA),"INSTITUTO FEDERAL DE EDUCAÇÃO, CIÊNCIA E TECNOLOGIA FLUMINENSE","Instituto Federal de Educação, Ciência e Tecnologia",Pública Federal,Educação Presencial,Campos dos Goytacazes,RJ,14,14,3.65761026069,4.0
2017,702,MATEMÁTICA (LICENCIATURA),UNIVERSIDADE ESTADUAL DO CENTRO OESTE,Universidade,Pública Estadual,Educação Presencial,Guarapuava,PR,24,23,2.9400810607,3.0
2017,702,MATEMÁTICA (LICENCIATURA),UNIVERSIDADE ESTADUAL DO CENTRO OESTE,Universidade,Pública Estadual,Educação Presencial,Irati,PR,15,12,2.972690229253,4.0
2017,702,MATEMÁTICA (LICENCIATURA),FACULDADE GAMA E SOUZA,Faculdade,Privada sem fins lucrativos,Educação Presencial,Rio de Janeiro,RJ,12,7,1.12381885377,2.0
2017,702,MATEMÁTICA (LICENCIATURA),CENTRO UNIVERSITÁRIO NOSSA SENHORA DO PATROCÍNIO,Centro Universitário,Privada com fins lucrativos,Educação Presencial,Itu,SP,3,1,0.0,0.0
2017,702,MATEMÁTICA (LICENCIATURA),"INSTITUTO FEDERAL DE EDUCAÇÃO, CIÊNCIA E TECNOLOGIA  DA PARAÍBA","Instituto Federal de Educação, Ciência e Tecnologia",Pública Federal,Educação Presencial,Campina Grande,PB,19,17,2.351028992491,3.0
2017,702,MATEMÁTICA (LICENCIATURA),"INSTITUTO FEDERAL DE EDUCAÇÃO, CIÊNCIA E TECNOLOGIA  DA PARAÍBA","Instituto Federal de Educação, Ciência e Tecnologia",Pública Federal,Educação Presencial,Cajazeiras,PB,19,13,3.085742382366,4.0
2017,702,MATEMÁTICA (LICENCIATURA),UNIVERSIDADE DO PLANALTO CATARINENSE,Universidade,Privada sem fins lucrativos,Educação Presencial,Lages,SC,13,13,2.575637414122,3.0
2017,702,MATEMÁTICA (LICENCIATURA),CENTRO UNIVERSITÁRIO DE MARINGÁ - UNICESUMAR,Centro Universitário,Privada com fins lucrativos,Educação a Distância,Maringá,PR,119,109,2.381989790647,3.0
2017,702,MATEMÁTICA (LICENCIATURA),FACULDADE EDUCACIONAL DA LAPA,Faculdade,Privada com fins lucrativos,Educação a Distância,Tocantinópolis,TO,61,58,1.49620006551,2.0
2017,702,MATEMÁTICA (LICENCIATURA),CENTRO UNIVERSITÁRIO CAMPOS DE ANDRADE,Centro Universitário,Privada sem fins lucrativos,Educação Presencial,Curitiba,PR,12,11,1.488784462695,2.0
2017,702,MATEMÁTICA (LICENCIATURA),CENTRO UNIVERSITÁRIO ESTÁCIO DE RIBEIRÃO PRETO,Centro Universitário,Privada com fins lucrativos,Educação a Distância,Ribeirão Preto,SP,21,18,3.088164746941,4.0
2017,702,MATEMÁTICA (LICENCIATURA),Centro Universitário de Adamantina,Centro Universitário,Especial,Educação Presencial,Adamantina,SP,17,14,2.604258691085,3.0
2017,702,MATEMÁTICA (LICENCIATURA),FACULDADES INTEGRADAS DE FERNANDÓPOLIS,Faculdade,Privada sem fins lucrativos,Educação Presencial,Fernandópolis,SP,11,10,2.074480851819,3.0
2017,702,MATEMÁTICA (LICENCIATURA),FACULDADE DE RIBEIRÃO PIRES,Faculdade,Privada sem fins lucrativos,Educação Presencial,Ribeirão Pires,SP,1,1,0.0,0.0
2017,702,MATEMÁTICA (LICENCIATURA),Faculdade Projeção de Taguatinga Norte,Faculdade,Privada com fins lucrativos,Educação Presencial,Brasília,DF,21,18,1.972179374814,3.0
2017,702,MATEMÁTICA (LICENCIATURA),FACULDADE DE SUZANO,Faculdade,Privada sem fins lucrativos,Educação Presencial,Suzano,SP,1,1,0.0,0.0
2017,702,MATEMÁTICA (LICENCIATURA),CENTRO UNIVERSITÁRIO ADVENTISTA DE SÃO PAULO,Centro Universitário,Privada sem fins lucrativos,Educação Presencial,São Paulo,SP,31,28,1.535968386749,2.0
2017,702,MATEMÁTICA (LICENCIATURA),FACULDADES DE DRACENA,Faculdade,Privada sem fins lucrativos,Educação Presencial,Dracena,SP,10,9,2.345063732822,3.0
2017,702,MATEMÁTICA (LICENCIATURA),CENTRO UNIVERSITÁRIO DO NORTE,Centro Universitário,Privada com fins lucrativos,Educação Presencial,Manaus,AM,42,23,1.140098666957,2.0
2017,702,MATEMÁTICA (LICENCIATURA),ESCOLA SUPERIOR BATISTA DO AMAZONAS,Faculdade,Privada com fins lucrativos,Educação Presencial,Manaus,AM,27,26,0.739522211929,1.0
2017,702,MATEMÁTICA (LICENCIATURA),FACULDADE DE RIBEIRÃO PRETO,Faculdade,Privada com fins lucrativos,Educação Presencial,Ribeirão Preto,SP,2,2,1.208371679025,2.0
2017,702,MATEMÁTICA (LICENCIATURA),CENTRO UNIVERSITÁRIO LEONARDO DA VINCI,Centro Universitário,Privada com fins lucrativos,Educação a Distância,Indaial,SC,496,340,1.531074996369,2.0
2017,702,MATEMÁTICA (LICENCIATURA),CENTRO UNIVERSITÁRIO INTERNACIONAL,Centro Universitário,Privada com fins lucrativos,Educação a Distância,Curitiba,PR,257,241,1.795799319525,2.0
2017,702,MATEMÁTICA (LICENCIATURA),FACULDADE DE ENSINO SUPERIOR DE SÃO MIGUEL DO IGUAÇU,Faculdade,Privada com fins lucrativos,Educação Presencial,São Miguel do Iguaçu,PR,5,5,1.609223317142,2.0
2017,702,MATEMÁTICA (LICENCIATURA),FACULDADE ANHANGUERA DE TAGUATINGA,Faculdade,Privada com fins lucrativos,Educação Presencial,Brasília,DF,1,0,0.0,0.0
2017,702,MATEMÁTICA (LICENCIATURA),FACULDADES INTEGRADAS DO VALE DO RIBEIRA,Faculdade,Privada com fins lucrativos,Educação Presencial,Registro,SP,13,12,2.519338337945,3.0
2017,702,MATEMÁTICA (LICENCIATURA),FACULDADE ALFREDO NASSER,Faculdade,Privada sem fins lucrativos,Educação Presencial,Aparecida de Goiânia,GO,14,13,1.815063947441,2.0
2017,702,MATEMÁTICA (LICENCIATURA),CENTRO UNIVERSITÁRIO UNICENTRO AGES,Centro Universitário,Privada com fins lucrativos,Educação Presencial,Paripiranga,BA,52,51,1.628351527695,2.0
2017,702,MATEMÁTICA (LICENCIATURA),FACULDADE INTEGRADA DA GRANDE FORTALEZA,Faculdade,Privada com fins lucrativos,Educação a Distância,Fortaleza,CE,13,6,2.204537692148,3.0
2017,702,MATEMÁTICA (LICENCIATURA),CENTRO UNIVERSITÁRIO ESTÁCIO DE BRASÍLIA - ESTÁCIO BRASÍLIA,Centro Universitário,Privada com fins lucrativos,Educação Presencial,Brasília,DF,35,31,2.05463809123,3.0
2017,702,MATEMÁTICA (LICENCIATURA),FACULDADE MACHADO DE ASSIS,Faculdade,Privada sem fins lucrativos,Educação Presencial,Rio de Janeiro,RJ,5,3,1.030082709911,2.0
2017,702,MATEMÁTICA (LICENCIATURA),FACULDADE DE ADMINISTRAÇÃO E ARTES DE LIMEIRA,Faculdade,Privada com fins lucrativos,Educação Presencial,Limeira,SP,10,7,1.596028447938,2.0
2017,702,MATEMÁTICA (LICENCIATURA),"INSTITUTO FEDERAL DE EDUCAÇÃO, CIÊNCIA E TECNOLOGIA DO CEARÁ","Instituto Federal de Educação, Ciência e Tecnologia",Pública Federal,Educação Presencial,Fortaleza,CE,18,17,2.289634364228,3.0
2017,702,MATEMÁTICA (LICENCIATURA),"INSTITUTO FEDERAL DE EDUCAÇÃO, CIÊNCIA E TECNOLOGIA DO CEARÁ","Instituto Federal de Educação, Ciência e Tecnologia",Pública Federal,Educação Presencial,Juazeiro do Norte,CE,18,18,2.676058912257,3.0
2017,702,MATEMÁTICA (LICENCIATURA),"INSTITUTO FEDERAL DE EDUCAÇÃO, CIÊNCIA E TECNOLOGIA DO CEARÁ","Instituto Federal de Educação, Ciência e Tecnologia",Pública Federal,Educação Presencial,Cedro,CE,37,35,2.122819678698,3.0
2017,702,MATEMÁTICA (LICENCIATURA),"INSTITUTO FEDERAL DE EDUCAÇÃO, CIÊNCIA E TECNOLOGIA DO CEARÁ","Instituto Federal de Educação, Ciência e Tecnologia",Pública Federal,Educação a Distância,Fortaleza,CE,36,28,1.876814000572,2.0
2017,702,MATEMÁTICA (LICENCIATURA),"INSTITUTO FEDERAL DE EDUCAÇÃO, CIÊNCIA E TECNOLOGIA DO CEARÁ","Instituto Federal de Educação, Ciência e Tecnologia",Pública Federal,Educação Presencial,Canindé,CE,16,15,2.430078584179,3.0
2017,702,MATEMÁTICA (LICENCIATURA),"INSTITUTO FEDERAL DE EDUCAÇÃO, CIÊNCIA E TECNOLOGIA DO CEARÁ","Instituto Federal de Educação, Ciência e Tecnologia",Pública Federal,Educação Presencial,Crateús,CE,18,16,2.372746504567,3.0
2017,702,MATEMÁTICA (LICENCIATURA),"INSTITUTO FEDERAL DE EDUCAÇÃO, CIÊNCIA E TECNOLOGIA DO ESPÍRITO SANTO","Instituto Federal de Educação, Ciência e Tecnologia",Pública Federal,Educação Presencial,Vitória,ES,14,12,3.307313436043,4.0
2017,702,MATEMÁTICA (LICENCIATURA),"INSTITUTO FEDERAL DE EDUCAÇÃO, CIÊNCIA E TECNOLOGIA DO ESPÍRITO SANTO","Instituto Federal de Educação, Ciência e Tecnologia",Pública Federal,Educação Presencial,Cachoeiro de Itapemirim,ES,18,18,3.380163817391,4.0
2017,702,MATEMÁTICA (LICENCIATURA),"INSTITUTO FEDERAL DE EDUCAÇÃO, CIÊNCIA E TECNOLOGIA DE PERNAMBUCO","Instituto Federal de Educação, Ciência e Tecnologia",Pública Federal,Educação Presencial,Pesqueira,PE,51,46,1.689872983444,2.0
2017,702,MATEMÁTICA (LICENCIATURA),"INSTITUTO FEDERAL DE EDUCAÇÃO, CIÊNCIA E TECNOLOGIA DE PERNAMBUCO","Instituto Federal de Educação, Ciência e Tecnologia",Pública Federal,Educação a Distância,Recife,PE,107,82,1.365730160921,2.0
2017,702,MATEMÁTICA (LICENCIATURA),"INSTITUTO FEDERAL DE EDUCAÇÃO, CIÊNCIA E TECNOLOGIA DE SÃO PAULO","Instituto Federal de Educação, Ciência e Tecnologia",Pública Federal,Educação Presencial,São Paulo,SP,23,22,3.525268818262,4.0
2017,702,MATEMÁTICA (LICENCIATURA),"INSTITUTO FEDERAL DE EDUCAÇÃO, CIÊNCIA E TECNOLOGIA DE SÃO PAULO","Instituto Federal de Educação, Ciência e Tecnologia",Pública Federal,Educação Presencial,Guarulhos,SP,48,42,3.153337848163,4.0
2017,702,MATEMÁTICA (LICENCIATURA),"INSTITUTO FEDERAL DE EDUCAÇÃO, CIÊNCIA E TECNOLOGIA DE SÃO PAULO","Instituto Federal de Educação, Ciência e Tecnologia",Pública Federal,Educação Presencial,Birigui,SP,15,15,2.326538026801,3.0
2017,702,MATEMÁTICA (LICENCIATURA),"INSTITUTO FEDERAL DE EDUCAÇÃO, CIÊNCIA E TECNOLOGIA DE SÃO PAULO","Instituto Federal de Educação, Ciência e Tecnologia",Pública Federal,Educação Presencial,Bragança Paulista,SP,19,16,2.832536059828,3.0
2017,702,MATEMÁTICA (LICENCIATURA),"INSTITUTO FEDERAL DE EDUCAÇÃO, CIÊNCIA E TECNOLOGIA DE SÃO PAULO","Instituto Federal de Educação, Ciência e Tecnologia",Pública Federal,Educação Presencial,Caraguatatuba,SP,18,18,3.168900480716,4.0
2017,702,MATEMÁTICA (LICENCIATURA),"INSTITUTO FEDERAL DE EDUCAÇÃO, CIÊNCIA E TECNOLOGIA DE SÃO PAULO","Instituto Federal de Educação, Ciência e Tecnologia",Pública Federal,Educação Presencial,Araraquara,SP,11,10,2.597789885774,3.0
2017,702,MATEMÁTICA (LICENCIATURA),"INSTITUTO FEDERAL DE EDUCAÇÃO, CIÊNCIA E TECNOLOGIA DE SÃO PAULO","Instituto Federal de Educação, Ciência e Tecnologia",Pública Federal,Educação Presencial,Campos do Jordão,SP,13,12,3.016691791192,4.0
2017,702,MATEMÁTICA (LICENCIATURA),"INSTITUTO FEDERAL DE EDUCAÇÃO, CIÊNCIA E TECNOLOGIA DE GOIÁS","Instituto Federal de Educação, Ciência e Tecnologia",Pública Federal,Educação Presencial,Goiânia,GO,37,31,1.979121713659,3.0
2017,702,MATEMÁTICA (LICENCIATURA),"INSTITUTO FEDERAL DE EDUCAÇÃO, CIÊNCIA E TECNOLOGIA  DO AMAZONAS","Instituto Federal de Educação, Ciência e Tecnologia",Pública Federal,Educação Presencial,Manaus,AM,15,14,2.210510492076,3.0
2017,702,MATEMÁTICA (LICENCIATURA),"INSTITUTO FEDERAL DE EDUCAÇÃO, CIÊNCIA E TECNOLOGIA DO PARÁ","Instituto Federal de Educação, Ciência e Tecnologia",Pública Federal,Educação Presencial,Belém,PA,33,30,2.465010177443,3.0
2017,702,MATEMÁTICA (LICENCIATURA),"INSTITUTO FEDERAL DE EDUCAÇÃO, CIÊNCIA E TECNOLOGIA DO PIAUÍ","Instituto Federal de Educação, Ciência e Tecnologia",Pública Federal,Educação Presencial,Teresina,PI,28,14,2.630514466973,3.0
2017,702,MATEMÁTICA (LICENCIATURA),"INSTITUTO FEDERAL DE EDUCAÇÃO, CIÊNCIA E TECNOLOGIA DO PIAUÍ","Instituto Federal de Educação, Ciência e Tecnologia",Pública Federal,Educação Presencial,Floriano,PI,25,22,2.085341295992,3.0
2017,702,MATEMÁTICA (LICENCIATURA),"INSTITUTO FEDERAL DE EDUCAÇÃO, CIÊNCIA E TECNOLOGIA DO PIAUÍ","Instituto Federal de Educação, Ciência e Tecnologia",Pública Federal,Educação Presencial,Piripiri,PI,23,16,1.780432505663,2.0
2017,702,MATEMÁTICA (LICENCIATURA),"INSTITUTO FEDERAL DE EDUCAÇÃO, CIÊNCIA E TECNOLOGIA DO PIAUÍ","Instituto Federal de Educação, Ciência e Tecnologia",Pública Federal,Educação Presencial,Angical do Piauí,PI,28,24,1.621302247222,2.0
2017,702,MATEMÁTICA (LICENCIATURA),"INSTITUTO FEDERAL DE EDUCAÇÃO, CIÊNCIA E TECNOLOGIA DO PIAUÍ","Instituto Federal de Educação, Ciência e Tecnologia",Pública Federal,Educação Presencial,Corrente,PI,28,26,1.164197839442,2.0
2017,702,MATEMÁTICA (LICENCIATURA),"INSTITUTO FEDERAL DE EDUCAÇÃO, CIÊNCIA E TECNOLOGIA DO PIAUÍ","Instituto Federal de Educação, Ciência e Tecnologia",Pública Federal,Educação Presencial,Uruçuí,PI,9,8,1.087950313795,2.0
2017,702,MATEMÁTICA (LICENCIATURA),"INSTITUTO FEDERAL DE EDUCAÇÃO, CIÊNCIA E TECNOLOGIA DO PIAUÍ","Instituto Federal de Educação, Ciência e Tecnologia",Pública Federal,Educação Presencial,São Raimundo Nonato,PI,5,3,2.394457562973,3.0
2017,702,MATEMÁTICA (LICENCIATURA),CENTRO UNIVERSITÁRIO FUNDAÇÃO DE ENSINO OCTÁVIO BASTOS - FEOB,Centro Universitário,Privada sem fins lucrativos,Educação Presencial,São João da Boa Vista,SP,17,15,2.423166576558,3.0
2017,702,MATEMÁTICA (LICENCIATURA),FACULDADES INTEGRADAS REGIONAIS DE AVARÉ,Faculdade,Pública Municipal,Educação Presencial,Avaré,SP,29,22,1.27286621703,2.0
2017,702,MATEMÁTICA (LICENCIATURA),FACULDADE DE CIÊNCIAS BIOMÉDICAS DE CACOAL,Faculdade,Privada com fins lucrativos,Educação Presencial,Cacoal,RO,12,7,0.644010740905,1.0
2017,702,MATEMÁTICA (LICENCIATURA),INSTITUTO SUPERIOR DE EDUCAÇÃO DE SÃO PAULO,Faculdade,Privada sem fins lucrativos,Educação Presencial,São Paulo,SP,8,8,2.286239119938,3.0
2017,702,MATEMÁTICA (LICENCIATURA),FACULDADE DE CIÊNCIAS GERENCIAIS DE MANHUAÇU,Faculdade,Privada com fins lucrativos,Educação Presencial,Manhuaçu,MG,4,3,0.93396192189,1.0
2017,702,MATEMÁTICA (LICENCIATURA),INSTITUTO SUPERIOR DE EDUCAÇÃO ELVIRA DAYRELL,Faculdade,Privada com fins lucrativos,Educação Presencial,Virginópolis,MG,15,14,1.1558276766,2.0
2017,702,MATEMÁTICA (LICENCIATURA),INSTITUTO SUPERIOR DE EDUCAÇÃO CAMPO LIMPO PAULISTA,Faculdade,Privada com fins lucrativos,Educação Presencial,Campo Limpo Paulista,SP,26,24,2.325836840285,3.0
2017,702,MATEMÁTICA (LICENCIATURA),CENTRO UNIVERSITÁRIO FUNDAÇÃO SANTO ANDRÉ,Centro Universitário,Privada sem fins lucrativos,Educação Presencial,Santo André,SP,10,10,1.925072085434,2.0
2017,702,MATEMÁTICA (LICENCIATURA),FACULDADE VALE DO GORUTUBA,Faculdade,Privada com fins lucrativos,Educação Presencial,Nova Porteirinha,MG,11,1,0.0,0.0
2017,702,MATEMÁTICA (LICENCIATURA),INSTITUTO SUPERIOR DE EDUCAÇÃO ATENEU,Faculdade,Privada com fins lucrativos,Educação Presencial,Vila Velha,ES,6,5,1.647596957565,2.0
2017,702,MATEMÁTICA (LICENCIATURA),INSTITUTO SUPERIOR DE EDUCAÇÃO ATENEU,Faculdade,Privada com fins lucrativos,Educação Presencial,Vila Velha,ES,12,0,0.0,0.0
2017,702,MATEMÁTICA (LICENCIATURA),FACULDADE DA ALDEIA DE CARAPICUÍBA,Faculdade,Privada com fins lucrativos,Educação Presencial,Carapicuíba,SP,18,17,1.470573459916,2.0
2017,702,MATEMÁTICA (LICENCIATURA),ESCOLA SUPERIOR MADRE CELESTE,Faculdade,Privada com fins lucrativos,Educação Presencial,Ananindeua,PA,17,14,1.65661813984,2.0
2017,702,MATEMÁTICA (LICENCIATURA),UNIVERSIDADE FEDERAL DE CAMPINA GRANDE,Universidade,Pública Federal,Educação Presencial,Campina Grande,PB,18,18,2.947998910079,4.0
2017,702,MATEMÁTICA (LICENCIATURA),UNIVERSIDADE FEDERAL DE CAMPINA GRANDE,Universidade,Pública Federal,Educação Presencial,Cuité,PB,12,11,2.110422848592,3.0
2017,702,MATEMÁTICA (LICENCIATURA),UNIVERSIDADE FEDERAL DE CAMPINA GRANDE,Universidade,Pública Federal,Educação Presencial,Cajazeiras,PB,19,18,2.327622425741,3.0
2017,702,MATEMÁTICA (LICENCIATURA),FACULDADE DE AMPÉRE,Faculdade,Privada com fins lucrativos,Educação Presencial,Ampére,PR,29,28,1.916974536455,2.0
2017,702,MATEMÁTICA (LICENCIATURA),FACULDADE DE CIÊNCIAS CONTÁBEIS E DE ADMINISTRAÇÃO DO VALE DO JURUENA,Faculdade,Privada sem fins lucrativos,Educação Presencial,Juína,MT,4,3,1.124856269466,2.0
2017,702,MATEMÁTICA (LICENCIATURA),FACULDADE CIDADE DE PATOS DE MINAS,Faculdade,Privada sem fins lucrativos,Educação Presencial,Patos de Minas,MG,13,9,1.589745575416,2.0
2017,702,MATEMÁTICA (LICENCIATURA),UNIVERSIDADE COMUNITÁRIA DA REGIÃO DE CHAPECÓ,Universidade,Privada sem fins lucrativos,Educação Presencial,Chapecó,SC,14,12,1.330465371519,2.0
2017,702,MATEMÁTICA (LICENCIATURA),"INSTITUTO FEDERAL DE EDUCAÇÃO, CIÊNCIA E TECNOLOGIA DE ALAGOAS","Instituto Federal de Educação, Ciência e Tecnologia",Pública Federal,Educação Presencial,Maceió,AL,34,30,1.404828958271,2.0
2017,702,MATEMÁTICA (LICENCIATURA),"INSTITUTO FEDERAL DE EDUCAÇÃO, CIÊNCIA E TECNOLOGIA DO RIO DE JANEIRO","Instituto Federal de Educação, Ciência e Tecnologia",Pública Federal,Educação Presencial,Nilópolis,RJ,30,26,3.043122540135,4.0
2017,702,MATEMÁTICA (LICENCIATURA),"INSTITUTO FEDERAL DE EDUCAÇÃO, CIÊNCIA E TECNOLOGIA DO RIO DE JANEIRO","Instituto Federal de Educação, Ciência e Tecnologia",Pública Federal,Educação Presencial,Volta Redonda,RJ,15,14,3.089083475489,4.0
2017,702,MATEMÁTICA (LICENCIATURA),"INSTITUTO FEDERAL DE EDUCAÇÃO, CIÊNCIA E TECNOLOGIA DO RIO DE JANEIRO","Instituto Federal de Educação, Ciência e Tecnologia",Pública Federal,Educação Presencial,Paracambi,RJ,30,27,2.032103605789,3.0
2017,702,MATEMÁTICA (LICENCIATURA),"INSTITUTO FEDERAL DE EDUCAÇÃO, CIÊNCIA E TECNOLOGIA DE MATO GROSSO","Instituto Federal de Educação, Ciência e Tecnologia",Pública Federal,Educação Presencial,Campo Novo do Parecis,MT,18,18,1.786684127797,2.0
2017,702,MATEMÁTICA (LICENCIATURA),"INSTITUTO FEDERAL DE EDUCAÇÃO, CIÊNCIA E TECNOLOGIA DE MATO GROSSO","Instituto Federal de Educação, Ciência e Tecnologia",Pública Federal,Educação Presencial,Juína,MT,13,13,2.661722549578,3.0
2017,702,MATEMÁTICA (LICENCIATURA),"INSTITUTO FEDERAL DE EDUCAÇÃO, CIÊNCIA E TECNOLOGIA  DO TRIÂNGULO MINEIRO","Instituto Federal de Educação, Ciência e Tecnologia",Pública Federal,Educação a Distância,Uberaba,MG,28,27,2.078007177603,3.0
2017,702,MATEMÁTICA (LICENCIATURA),UNIVERSIDADE DO ESTADO DO AMAZONAS,Universidade,Pública Estadual,Educação Presencial,Tabatinga,AM,27,24,1.003349829639,2.0
2017,702,MATEMÁTICA (LICENCIATURA),UNIVERSIDADE DO ESTADO DO AMAZONAS,Universidade,Pública Estadual,Educação Presencial,Parintins,AM,6,6,0.648781995001,1.0
2017,702,MATEMÁTICA (LICENCIATURA),UNIVERSIDADE DO ESTADO DO AMAZONAS,Universidade,Pública Estadual,Educação Presencial,Manaus,AM,36,36,1.902564027334,2.0
2017,702,MATEMÁTICA (LICENCIATURA),UNIVERSIDADE DO ESTADO DO AMAZONAS,Universidade,Pública Estadual,Educação Presencial,Tonantins,AM,15,13,0.851715414116,1.0
2017,702,MATEMÁTICA (LICENCIATURA),"INSTITUTO FEDERAL DE EDUCAÇÃO, CIÊNCIA E TECNOLOGIA DE SERGIPE","Instituto Federal de Educação, Ciência e Tecnologia",Pública Federal,Educação Presencial,Aracaju,SE,13,13,1.586499803514,2.0
2017,702,MATEMÁTICA (LICENCIATURA),"INSTITUTO FEDERAL DE EDUCAÇÃO, CIÊNCIA E TECNOLOGIA DE RORAIMA","Instituto Federal de Educação, Ciência e Tecnologia",Pública Federal,Educação Presencial,Boa Vista,RR,11,11,1.336250129576,2.0
2017,702,MATEMÁTICA (LICENCIATURA),"INSTITUTO FEDERAL DE EDUCAÇÃO, CIÊNCIA E TECNOLOGIA DO NORTE DE MINAS GERAIS","Instituto Federal de Educação, Ciência e Tecnologia",Pública Federal,Educação Presencial,Januária,MG,29,22,1.903635355656,2.0
2017,702,MATEMÁTICA (LICENCIATURA),"INSTITUTO FEDERAL DE EDUCAÇÃO, CIÊNCIA E TECNOLOGIA DO NORTE DE MINAS GERAIS","Instituto Federal de Educação, Ciência e Tecnologia",Pública Federal,Educação Presencial,Salinas,MG,13,12,1.089493113666,2.0
2017,702,MATEMÁTICA (LICENCIATURA),"INSTITUTO FEDERAL DE EDUCAÇÃO, CIÊNCIA E TECNOLOGIA DE MINAS GERAIS","Instituto Federal de Educação, Ciência e Tecnologia",Pública Federal,Educação Presencial,Formiga,MG,15,14,2.950995200449,4.0
2017,702,MATEMÁTICA (LICENCIATURA),"INSTITUTO FEDERAL DE EDUCAÇÃO, CIÊNCIA E TECNOLOGIA DE MINAS GERAIS","Instituto Federal de Educação, Ciência e Tecnologia",Pública Federal,Educação Presencial,São João Evangelista,MG,19,19,2.343494653286,3.0
2017,702,MATEMÁTICA (LICENCIATURA),"INSTITUTO FEDERAL DE EDUCAÇÃO, CIÊNCIA E TECNOLOGIA DO SUDESTE DE MINAS GERAIS","Instituto Federal de Educação, Ciência e Tecnologia",Pública Federal,Educação Presencial,Rio Pomba,MG,15,15,2.313073036362,3.0
2017,702,MATEMÁTICA (LICENCIATURA),FACULDADE DE RIO CLARO,Faculdade,Privada com fins lucrativos,Educação a Distância,Rio Claro,SP,1,0,0.0,0.0
2017,702,MATEMÁTICA (LICENCIATURA),CENTRO UNIVERSITÁRIO DO SUL DE MINAS,Centro Universitário,Privada sem fins lucrativos,Educação a Distância,Varginha,MG,23,18,2.277007037611,3.0
2017,702,MATEMÁTICA (LICENCIATURA),"FACULDADES INTEGRADAS DE CIÊNCIAS HUMANAS, SAÚDE E EDUCAÇÃO DE GUARULHOS",Faculdade,Privada sem fins lucrativos,Educação Presencial,Guarulhos,SP,61,45,0.947656147295,2.0
2017,702,MATEMÁTICA (LICENCIATURA),FACULDADE INEDI,Faculdade,Privada com fins lucrativos,Educação Presencial,Cachoeirinha,RS,13,13,2.154103734103,3.0
2017,702,MATEMÁTICA (LICENCIATURA),FACULDADE DE PRESIDENTE VENCESLAU,Faculdade,Privada com fins lucrativos,Educação Presencial,Presidente Venceslau,SP,2,1,0.0,0.0
2017,702,MATEMÁTICA (LICENCIATURA),FACULDADES INTEGRADAS DA VITÓRIA DE SANTO ANTÃO,Faculdade,Privada com fins lucrativos,Educação Presencial,Vitória de Santo Antão,PE,1,0,0.0,0.0
2017,702,MATEMÁTICA (LICENCIATURA),FACULDADES INTEGRADAS IESGO,Faculdade,Privada com fins lucrativos,Educação Presencial,Formosa,GO,12,11,1.222294254524,2.0
2017,702,MATEMÁTICA (LICENCIATURA),CENTRO UNIVERSITÁRIO DA FUNDAÇÃO EDUCACIONAL DE BARRETOS,Centro Universitário,Privada sem fins lucrativos,Educação Presencial,Barretos,SP,5,0,0.0,0.0
2017,702,MATEMÁTICA (LICENCIATURA),FACULDADES INTEGRADAS DO VALE DO IVAÍ,Faculdade,Privada sem fins lucrativos,Educação Presencial,Ivaiporã,PR,10,10,2.117385866564,3.0
2017,702,MATEMÁTICA (LICENCIATURA),FACULDADE PEDRO II,Faculdade,Privada com fins lucrativos,Educação Presencial,Belo Horizonte,MG,55,45,1.185404530379,2.0
2017,702,MATEMÁTICA (LICENCIATURA),FACULDADE GUAIRACÁ,Faculdade,Privada com fins lucrativos,Educação Presencial,Guarapuava,PR,36,27,1.878395086782,2.0
2017,702,MATEMÁTICA (LICENCIATURA),CENTRO UNIVERSITÁRIO FACVEST,Centro Universitário,Privada com fins lucrativos,Educação Presencial,Lages,SC,4,4,2.717486578449,3.0
2017,702,MATEMÁTICA (LICENCIATURA),FUNDAÇÃO UNIVERSIDADE FEDERAL DO TOCANTINS,Universidade,Pública Federal,Educação Presencial,Arraias,TO,50,47,1.361870007278,2.0
2017,702,MATEMÁTICA (LICENCIATURA),FUNDAÇÃO UNIVERSIDADE FEDERAL DO TOCANTINS,Universidade,Pública Federal,Educação Presencial,Araguaína,TO,51,46,1.666881619795,2.0
2017,702,MATEMÁTICA (LICENCIATURA),FUNDAÇÃO UNIVERSIDADE FEDERAL DO TOCANTINS,Universidade,Pública Federal,Educação Presencial,Palmas,TO,9,9,1.059678803657,2.0
2017,702,MATEMÁTICA (LICENCIATURA),FACULDADE IDEAL DE BRASÍLIA,Faculdade,Privada com fins lucrativos,Educação Presencial,Brasília,DF,4,4,2.153448331481,3.0
2017,702,MATEMÁTICA (LICENCIATURA),"INSTITUTO FEDERAL DE EDUCAÇÃO, CIÊNCIA E TECNOLOGIA FARROUPILHA","Instituto Federal de Educação, Ciência e Tecnologia",Pública Federal,Educação Presencial,Júlio de Castilhos,RS,14,14,1.882512089611,2.0
2017,702,MATEMÁTICA (LICENCIATURA),"INSTITUTO FEDERAL DE EDUCAÇÃO, CIÊNCIA E TECNOLOGIA FARROUPILHA","Instituto Federal de Educação, Ciência e Tecnologia",Pública Federal,Educação Presencial,Alegrete,RS,8,8,2.257487143943,3.0
2017,702,MATEMÁTICA (LICENCIATURA),"INSTITUTO FEDERAL DE EDUCAÇÃO, CIÊNCIA E TECNOLOGIA FARROUPILHA","Instituto Federal de Educação, Ciência e Tecnologia",Pública Federal,Educação Presencial,Santa Rosa,RS,11,11,3.265348391711,4.0
2017,702,MATEMÁTICA (LICENCIATURA),"INSTITUTO FEDERAL DE EDUCAÇÃO, CIÊNCIA E TECNOLOGIA FARROUPILHA","Instituto Federal de Educação, Ciência e Tecnologia",Pública Federal,Educação Presencial,São Borja,RS,10,10,2.62501033826,3.0
2017,702,MATEMÁTICA (LICENCIATURA),"INSTITUTO FEDERAL DE EDUCAÇÃO, CIÊNCIA E TECNOLOGIA DO SUL DE MINAS GERAIS","Instituto Federal de Educação, Ciência e Tecnologia",Pública Federal,Educação Presencial,Inconfidentes,MG,9,8,3.101189616663,4.0
2017,702,MATEMÁTICA (LICENCIATURA),FACULDADES INTEGRADAS CAMPO-GRANDENSES,Faculdade,Privada sem fins lucrativos,Educação Presencial,Rio de Janeiro,RJ,70,60,1.525603141759,2.0
2017,702,MATEMÁTICA (LICENCIATURA),UNIVERSIDADE FEDERAL DO RECÔNCAVO DA BAHIA,Universidade,Pública Federal,Educação Presencial,Amargosa,BA,27,25,2.272911818852,3.0
2017,702,MATEMÁTICA (LICENCIATURA),FUNDAÇÃO UNIVERSIDADE FEDERAL DA GRANDE DOURADOS,Universidade,Pública Federal,Educação Presencial,Dourados,MS,10,9,2.130034493414,3.0
2017,702,MATEMÁTICA (LICENCIATURA),INSTITUTO FEDERAL DE EDUCAÇÃO CIÊNCIA E TECNOLOGIA DE RONDÔNIA,"Instituto Federal de Educação, Ciência e Tecnologia",Pública Federal,Educação Presencial,Vilhena,RO,6,6,1.598796291475,2.0
2017,702,MATEMÁTICA (LICENCIATURA),INSTITUTO FEDERAL DE EDUCAÇÃO CIÊNCIA E TECNOLOGIA DE RONDÔNIA,"Instituto Federal de Educação, Ciência e Tecnologia",Pública Federal,Educação Presencial,Cacoal,RO,7,6,2.643882281868,3.0
2017,702,MATEMÁTICA (LICENCIATURA),"INSTITUTO FEDERAL DE EDUCAÇÃO, CIÊNCIA E TECNOLOGIA DO TOCANTINS","Instituto Federal de Educação, Ciência e Tecnologia",Pública Federal,Educação Presencial,Palmas,TO,9,6,1.791334853185,2.0
2017,702,MATEMÁTICA (LICENCIATURA),"INSTITUTO FEDERAL DE EDUCAÇÃO, CIÊNCIA E TECNOLOGIA DO TOCANTINS","Instituto Federal de Educação, Ciência e Tecnologia",Pública Federal,Educação Presencial,Paraíso do Tocantins,TO,10,4,1.949688617346,3.0
2017,702,MATEMÁTICA (LICENCIATURA),FUNDAÇÃO UNIVERSIDADE FEDERAL DO ABC,Universidade,Pública Federal,Educação Presencial,Santo André,SP,32,24,5.0,5.0
2017,702,MATEMÁTICA (LICENCIATURA),"INSTITUTO FEDERAL DE EDUCAÇÃO, CIÊNCIA E TECNOLOGIA CATARINENSE","Instituto Federal de Educação, Ciência e Tecnologia",Pública Federal,Educação Presencial,Rio do Sul,SC,11,11,1.493026569364,2.0
2017,702,MATEMÁTICA (LICENCIATURA),"INSTITUTO FEDERAL DE EDUCAÇÃO, CIÊNCIA E TECNOLOGIA CATARINENSE","Instituto Federal de Educação, Ciência e Tecnologia",Pública Federal,Educação Presencial,Camboriú,SC,15,14,1.854333294761,2.0
2017,702,MATEMÁTICA (LICENCIATURA),"INSTITUTO FEDERAL DE EDUCAÇÃO, CIÊNCIA E TECNOLOGIA CATARINENSE","Instituto Federal de Educação, Ciência e Tecnologia",Pública Federal,Educação Presencial,Concórdia,SC,18,18,2.725964207092,3.0
2017,702,MATEMÁTICA (LICENCIATURA),"INSTITUTO FEDERAL DE EDUCAÇÃO, CIÊNCIA E TECNOLOGIA CATARINENSE","Instituto Federal de Educação, Ciência e Tecnologia",Pública Federal,Educação Presencial,Sombrio,SC,14,13,2.16782668107,3.0
2017,702,MATEMÁTICA (LICENCIATURA),UNIVERSIDADE ESTADUAL DE RORAIMA,Universidade,Pública Estadual,Educação Presencial,Boa Vista,RR,6,0,0.0,0.0
2017,702,MATEMÁTICA (LICENCIATURA),UNIVERSIDADE ESTADUAL DE ALAGOAS - UNEAL,Universidade,Pública Estadual,Educação Presencial,Arapiraca,AL,105,68,1.559569469235,2.0
2017,702,MATEMÁTICA (LICENCIATURA),UNIVERSIDADE ESTADUAL DE ALAGOAS - UNEAL,Universidade,Pública Estadual,Educação Presencial,Palmeira dos Índios,AL,109,85,0.919899990396,1.0
2017,702,MATEMÁTICA (LICENCIATURA),FACULDADES INTEGRADAS DE TAQUARA,Faculdade,Privada sem fins lucrativos,Educação Presencial,Taquara,RS,18,18,2.404592878994,3.0
2017,702,MATEMÁTICA (LICENCIATURA),Centro Universitário UNIFAAT,Centro Universitário,Privada com fins lucrativos,Educação Presencial,Atibaia,SP,23,23,2.465447070488,3.0
2017,702,MATEMÁTICA (LICENCIATURA),FACULDADE PORTO-ALEGRENSE,Faculdade,Privada sem fins lucrativos,Educação Presencial,Porto Alegre,RS,2,0,0.0,0.0
2017,702,MATEMÁTICA (LICENCIATURA),FUNDAÇÃO UNIVERSIDADE FEDERAL DO PAMPA - UNIPAMPA,Universidade,Pública Federal,Educação Presencial,Bagé,RS,11,11,2.209242309779,3.0
2017,702,MATEMÁTICA (LICENCIATURA),FUNDAÇÃO UNIVERSIDADE FEDERAL DO PAMPA - UNIPAMPA,Universidade,Pública Federal,Educação Presencial,Itaqui,RS,7,7,2.542371209072,3.0
2017,702,MATEMÁTICA (LICENCIATURA),Universidade Estadual do Norte do Paraná,Universidade,Pública Estadual,Educação Presencial,Jacarezinho,PR,42,39,2.32195831154,3.0
2017,702,MATEMÁTICA (LICENCIATURA),Universidade Estadual do Norte do Paraná,Universidade,Pública Estadual,Educação Presencial,Cornélio Procópio,PR,11,11,2.593646223622,3.0
2017,702,MATEMÁTICA (LICENCIATURA),UNIVERSIDADE ALTO VALE DO RIO DO PEIXE,Universidade,Privada sem fins lucrativos,Educação Presencial,Caçador,SC,10,10,2.101992024798,3.0
2017,702,MATEMÁTICA (LICENCIATURA),UNIVERSIDADE FEDERAL DO OESTE DO PARÁ,Universidade,Pública Federal,Educação Presencial,Santarém,PA,6,2,1.627333694726,2.0
2017,702,MATEMÁTICA (LICENCIATURA),UNIVERSIDADE FEDERAL DA FRONTEIRA SUL,Universidade,Pública Federal,Educação Presencial,Chapecó,SC,5,5,4.920456152758,5.0
2017,702,MATEMÁTICA (LICENCIATURA),"Instituto Federal de Educação, Ciência e Tecnologia do Acre","Instituto Federal de Educação, Ciência e Tecnologia",Pública Federal,Educação Presencial,Cruzeiro do Sul,AC,46,43,1.634532401292,2.0
2017,702,MATEMÁTICA (LICENCIATURA),UNIVERSIDADE FEDERAL DO SUL E SUDESTE DO PARÁ,Universidade,Pública Federal,Educação Presencial,Marabá,PA,27,25,0.913867874354,1.0
2017,702,MATEMÁTICA (LICENCIATURA),Universidade Estadual do Paraná,Universidade,Pública Estadual,Educação Presencial,Campo Mourão,PR,13,11,3.571394154072,4.0
2017,702,MATEMÁTICA (LICENCIATURA),Universidade Estadual do Paraná,Universidade,Pública Estadual,Educação Presencial,Paranaguá,PR,17,17,1.757982271505,2.0
2017,702,MATEMÁTICA (LICENCIATURA),Universidade Estadual do Paraná,Universidade,Pública Estadual,Educação Presencial,Paranavaí,PR,20,19,2.243587149982,3.0
2017,702,MATEMÁTICA (LICENCIATURA),Universidade Estadual do Paraná,Universidade,Pública Estadual,Educação Presencial,União da Vitória,PR,14,12,3.336205774263,4.0
2017,702,MATEMÁTICA (LICENCIATURA),Universidade Estadual do Paraná,Universidade,Pública Estadual,Educação Presencial,Apucarana,PR,16,14,3.234737531402,4.0
2017,702,MATEMÁTICA (LICENCIATURA),UNIVERSIDADE FEDERAL DO OESTE DA BAHIA,Universidade,Pública Federal,Educação Presencial,Barreiras,BA,1,1,0.0,0.0
